ax_mean,ax_std,ax_min,ax_max,ay_mean,ay_std,ay_min,ay_max,az_mean,az_std,az_min,az_max,gx_mean,gx_std,gx_min,gx_max,gy_mean,gy_std,gy_min,gy_max,gz_mean,gz_std,gz_min,gz_max,label
-0.09407344792551871,0.4500032137012056,-0.956640122328899,0.7896064077536957,-0.13975687865704367,0.5634092498525289,-1.4160777990552844,0.9438438286700952,9.809162991041045,0.5134919541824149,8.827222054261748,11.056091999300344,-0.16892553601135388,2.0087405110506644,-5.041694013145469,3.2161344943454577,0.23323525821527646,1.7683977354576033,-3.7579618895076554,4.897173976348114,0.1770354609920108,1.6426945774094066,-2.5260707071541324,3.10992545545153,Safe
-0.16476900848128664,0.44611827931884923,-0.9798350619398878,0.9261390922544688,-0.12030669159003089,0.49040373632106704,-1.4160777990552844,0.6001308748694146,9.86222859761311,0.5774134061801047,8.827222054261748,11.056091999300344,0.003526013797317033,1.6480579477894515,-3.651315991329216,3.2161344943454577,0.30015720156774783,2.087843527198053,-4.672139210042526,4.897173976348114,-0.41983785976516125,1.8732029359945521,-3.38807856245081,3.4880204681514653,Safe
-0.060581235144971254,0.46555109891389707,-0.9798350619398878,0.9261390922544688,-0.12033458499595072,0.4617321887923392,-1.2441636767064947,0.8674682879184042,9.96185421942844,0.5504322328068064,8.962513280741694,11.13100595524631,-0.22540305149841533,1.6996067170685485,-3.651315991329216,2.6938824887779917,0.35243217256237414,1.9140838476973387,-4.672139210042526,3.4695255862471543,-0.5850841528607907,2.0172266478260994,-4.149919361790606,3.824356095325907,Safe
0.01849277382266438,0.4973799178003306,-1.3098725520448722,0.7823218279070031,-0.02389950486229723,0.5105984871185304,-1.024970639288739,0.8774665358236208,10.022141578181943,0.5031428239266424,9.055722015893572,11.13100595524631,0.009349468545479,1.9819308524125552,-3.489065777212108,4.10902977880952,0.31740230416250104,1.6582386845726977,-3.006310139199204,3.189840416172029,0.1916117244368996,1.8691740855238483,-4.149919361790606,3.824356095325907,Safe
0.006442386236111674,0.4959915205919821,-1.3098725520448722,0.7823218279070031,0.054367758835471215,0.5107359932634652,-0.983534851793576,0.9090309612789124,9.859384896010072,0.49248910535830137,9.036099221845484,11.003983852762367,0.47549695386633345,2.180062694700372,-3.3674651352280973,4.10902977880952,0.3233917450044885,1.858305411829055,-4.040112829046451,3.352846835688147,-0.3471291289812207,2.1975070366502467,-4.830726524157059,3.2319633598358597,Safe
-0.08175998478537111,0.37110148362505857,-0.9937844573004464,0.738947022370758,0.0794106280977191,0.5039303212353036,-0.983534851793576,0.9090309612789124,9.730926190957,0.4040626836334922,9.036099221845484,10.584319647512018,0.26768696870417863,2.1500795435194684,-3.3674651352280973,4.07106291343919,0.359353297092893,1.8548106892340805,-4.040112829046451,3.352846835688147,-0.576697130548237,2.2323413740606806,-4.830726524157059,2.945967155259659,Safe
-0.010125813277596516,0.45441095860144004,-0.9593856076495209,1.231621056242643,0.02596545100406701,0.4847322858490029,-0.934908169766082,0.8277035565441476,9.772071739799747,0.42499928000522397,9.177370795457392,10.97891387269415,0.7512044489286319,1.782353618841167,-2.525729507456356,3.696218208211105,0.10615310703415483,1.6297442964784254,-3.270580540143105,4.03561289758606,0.23357743229158645,1.9722660855208562,-3.0341460738112653,4.197682460704879,Safe
0.028927747292943208,0.5377454660311342,-0.9593856076495209,1.231621056242643,-0.0658867184936493,0.46702877394745856,-0.9546780437536464,0.8277035565441476,9.846240655023731,0.5009480828158188,9.082472697454724,10.97891387269415,0.7871340669650898,1.949208907614505,-4.383957312559762,4.0271085892974,0.3272241816642307,1.5774923735787647,-2.3350016477614286,4.03561289758606,-0.07248635857882048,1.702029564194728,-3.1237571434488616,4.197682460704879,Safe
-0.04747905776936734,0.5120801862917391,-0.8037416172806138,1.0952278129049893,-0.07569757260858839,0.43495585809197185,-1.0636137101757477,0.747469113726618,9.823979661866305,0.43301534393965213,9.071193796540278,10.744301609581502,-0.09792697654541116,1.8342520646448306,-4.383957312559762,4.0271085892974,0.31564814747999176,1.6649089483211348,-2.3122547343020643,3.919367963911766,-0.1795549587839213,1.7459404940227994,-3.4460920585824626,3.5609055025848124,Safe
0.03481152247971639,0.4661575880935855,-0.8037416172806138,0.9328872555723784,-0.1725275064768527,0.4725176150077394,-1.4534941096608207,0.6643204141241156,9.762498545958975,0.4541441846058564,9.027688936332098,10.756095880416536,0.29621752435696386,1.4155796322364251,-3.409571811580229,2.7956886140629966,0.05880607645630008,1.822830241425373,-4.41509513134271,3.205688494355939,-0.22263616918756496,2.3487725347322175,-7.270400455080204,4.184197143235817,Safe
0.13939331080649384,0.47368296733981424,-0.5956517486013243,1.3600845832948094,-0.21717485609179293,0.47110038546113775,-1.4534941096608207,0.6643204141241156,9.762798810261605,0.4757735840348671,9.027688936332098,10.756095880416536,0.2603185318904916,1.5918474764131945,-2.508045304857033,2.7956886140629966,-0.416785694047609,2.1881853649604035,-4.41509513134271,5.04901855321499,-0.14795847315772678,2.4257533445644897,-7.270400455080204,4.406619630515515,Safe
0.049632876846239536,0.4694639399719278,-0.7574236123429323,1.3600845832948094,-0.035653709491510206,0.5252195574420817,-0.8759144033758596,1.1408259182694214,9.80763359154018,0.5267908416787799,8.453693718094781,10.786458691244755,-0.43335455689729035,1.6808606167776718,-3.616590656999029,3.220585960965742,-0.25788799475916896,2.171351866265845,-4.071805140209552,5.04901855321499,-0.2109953826757465,2.082317818668333,-4.362350475331355,4.406619630515515,Safe
0.03279615932016698,0.5263947151567726,-0.7574236123429323,1.9263657453273608,0.03956227866781856,0.5352098183068713,-0.941575104029292,1.1408259182694214,9.805209368479824,0.5861379987293279,8.453693718094781,10.955955633409344,-0.4521645216603327,2.2313698386753216,-4.974913517412259,3.3283841095677986,0.4284120774133714,1.7965528393138745,-2.85613435221089,3.8444491205389055,0.2575535297436788,2.033582435441224,-4.362350475331355,5.4017329390991895,Safe
0.10163960630845408,0.5785288044333016,-0.933632596295874,1.9263657453273608,0.07469086969397755,0.5302793338922865,-0.941575104029292,0.89089945438553,9.800285071939232,0.5273426070239765,8.989309942198952,10.955955633409344,-0.3640763054914633,2.3359791652110786,-4.974913517412259,3.3283841095677986,0.24083245980508244,1.8308335001879352,-4.32232420714342,3.3575676147737097,0.8219587169693217,1.7633799466346323,-2.580334828902914,5.4017329390991895,Safe
0.02401811295060956,0.5187966349330411,-1.0125712933288036,1.1573292833367543,0.06519217225809806,0.5679292053498549,-1.0129039365556884,0.9557095435698616,9.744349822852673,0.47737518599170053,8.566088971218836,10.749937274710504,-0.489348001013378,1.8730762634692988,-3.5361134383487944,2.42635837678318,0.057288755864643014,1.8689008100351063,-4.32232420714342,4.603349704101549,0.5766765076390464,1.759200504717332,-2.281156978977109,5.341350749726129,Safe
0.021879059665753254,0.5253519832981239,-1.0125712933288036,1.0719720446626628,0.037524086037528576,0.5652515511303785,-1.0129039365556884,1.4342015278333842,9.79305447510242,0.4939119911487086,8.566088971218836,11.1289408761301,-0.57006670631471,1.8125570338261467,-3.5361134383487944,3.3544010199321925,0.5018293460308639,2.282954445141221,-3.368008035592329,5.8904925798702,0.3851175149570786,1.6482021474937596,-2.649722607700478,5.341350749726129,Safe
-0.0717159415228809,0.5792507494115792,-1.6206336700345365,1.0610780985063166,0.12328906888278589,0.5078097650316106,-0.9289507256991436,1.4342015278333842,9.87672792157104,0.5155512269704748,8.707352813622048,11.1289408761301,-0.30916051822824236,2.294262306172147,-3.8519556368902026,5.536747211251886,0.1527176495556962,2.3591877351617425,-3.894679745323847,5.8904925798702,0.3182298632804293,1.7867730318414061,-3.061855265025293,3.6688626662801753,Safe
-0.03944030401662415,0.5737138032598217,-1.6206336700345365,1.066516687328133,0.045071414368345115,0.4864382420542796,-1.0761917723045902,0.9706087182318746,9.826534076529091,0.4311014296615388,8.707352813622048,10.518205895850146,-0.05060612249674671,2.297500374196029,-3.8519556368902026,5.536747211251886,-0.24881446421497902,1.9571765547780904,-4.042004641752487,4.113171641415192,-0.10413217853611896,2.25538868780998,-5.87240188755623,3.6688626662801753,Safe
0.053582730920750006,0.4595435459700451,-0.9760438997612508,1.066516687328133,-0.02922952237064863,0.5627952054679842,-1.2439043282675395,0.8381965136041015,9.79233978664214,0.3928345441310422,9.205400644380198,10.543391278449487,-0.19548338016056008,2.0504653230912844,-5.043209602924086,3.906119391079793,0.03996813396372832,1.9138876327267937,-4.042004641752487,4.113171641415192,-0.5643982272960617,2.302468884156107,-5.87240188755623,3.583564547226718,Safe
0.08227932246754142,0.37519007526997383,-0.9760438997612508,0.6527394035771645,0.040162431844306144,0.562040551574394,-1.2439043282675395,1.0430235247685569,9.806564576610468,0.4768760301895046,8.836328762929593,10.543391278449487,0.16832188421745667,2.0814860246364564,-5.043209602924086,3.906119391079793,0.30858002878727575,1.8948156966544452,-2.835279514454812,3.7937774957441626,-0.5250298431211514,2.4034746890060212,-6.188578498182779,3.583564547226718,Safe
0.1409413020367112,0.3886400074932691,-0.6070943063938661,1.04619363784273,0.08231383912224918,0.5002617274144668,-0.7744802625267375,1.1600203610086297,9.9127785507083,0.501361642422835,8.836328762929593,10.972349457161709,-0.03155167308355136,1.9001684272173474,-3.536830851276145,3.847026975206909,0.27844890611929274,2.116845060401947,-4.8602447514547125,3.7937774957441626,-0.2567853119609315,2.3474756636798504,-6.188578498182779,5.295768427114175,Safe
0.004050761002733738,0.37279189689465836,-0.6070943063938661,1.04619363784273,0.060487773241788216,0.5382729566357976,-0.7744802625267375,1.1600203610086297,9.867157960392202,0.41983374198749807,9.103637120549722,10.972349457161709,-0.18391639258663878,1.6815384690034005,-3.229499724582662,2.821384640841789,-0.23086722522055456,2.0545509034917764,-4.8602447514547125,3.653294158623876,-0.20996410941521967,2.220354266417841,-4.1356367529546025,5.295768427114175,Safe
-0.10327757638377098,0.33624325700703966,-0.7240421707486621,0.737678108474776,0.03111186693644003,0.5215409806994795,-1.064367047207406,0.8981804114634818,9.696281290965537,0.5598690765539569,8.771440073113064,11.199981812111778,0.3182993481738664,1.5054391184648992,-4.322607772604724,2.821384640841789,-0.500368887916445,1.7013011185760032,-4.738048623162503,1.848714736052011,-0.6916366833175831,1.8871902048922577,-4.1356367529546025,3.0318902925884674,Safe
0.07294637780885412,0.4251241794633857,-0.7240421707486621,1.0765912287557782,-0.07448359283375429,0.552526052313336,-1.064367047207406,0.976629568763284,9.781773482383654,0.653039266100605,8.659264141165007,11.199981812111778,0.2064059327225257,1.7530267067890117,-4.322607772604724,2.8479076910823338,-0.11518399056807027,1.7237557574596443,-4.738048623162503,3.080215647488063,-0.752502557985285,1.882355247815852,-3.3926324702324444,3.6258144413174977,Safe
0.11408632818583703,0.4964654182338112,-1.0619478621549034,1.094901466608836,-0.02250960729967414,0.5619867591920417,-0.8969462489339451,1.0825280339033012,9.938102315879583,0.5003105711060578,8.659264141165007,10.83890558854888,-0.04831777800547965,2.056159520925403,-4.129730555367283,3.492981263189243,0.014678419200535964,1.805622355269084,-3.651230357129293,4.7489325665679845,-0.1833874767504127,2.1521330730337223,-3.5888871701778027,3.6258144413174977,Safe
-0.024147873401388346,0.551350457804343,-1.0619478621549034,1.094901466608836,0.10702846832200949,0.5017532453452906,-0.7884982410954986,1.135724872711398,9.784917696780079,0.49058918714254657,8.839070670310297,10.83890558854888,-0.10526586278188592,1.838817184796208,-4.129730555367283,3.492981263189243,0.04150907576564835,2.1706110747343734,-4.546344405093664,4.7489325665679845,0.24152940331238693,1.9067332383831805,-3.5888871701778027,3.6953200058848976,Safe
0.014382577524998042,0.5019090156774776,-0.8565672645454387,0.9157293829271768,0.03701873687076932,0.5634551529257511,-1.2661230426098429,1.135724872711398,9.717870092558483,0.4502612951137544,8.839070670310297,10.547939575251982,0.11031910173598176,1.7188500985437065,-3.174376139356908,3.610833692839561,0.2555017821404543,2.1693565807547692,-4.546344405093664,4.404486546745827,0.12202907937516391,1.5401435406735489,-2.6716536903010435,3.6953200058848976,Safe
0.10295179219374763,0.5527331594398308,-1.0196160888800505,1.0303739624409936,0.09746732492780191,0.5428375266977917,-1.2661230426098429,1.1362173602234409,9.733217907514385,0.5098750134731408,8.50093340065386,10.56042151514019,0.08021887325926505,1.9762321608381377,-3.958037386979425,4.053634232084785,-0.18979034601987183,1.9395499669195222,-3.732896305526951,3.179791189621388,0.017170694649198827,1.3663316089959021,-2.3911506564468907,2.7878490610821456,Safe
-0.028685896342161343,0.5944779641000807,-1.0337210500199383,1.0303739624409936,0.09046771420817186,0.4652170571533193,-0.8880058770242011,1.1362173602234409,9.616556559724996,0.5274167634491165,8.50093340065386,10.56042151514019,-0.26049534562097854,1.9555600842349172,-3.958037386979425,4.053634232084785,-0.42888238535593,1.7882733056806799,-3.220043345817993,3.924136723797056,0.2737227093958898,1.808804950627914,-3.978068392342592,3.629298334646156,Safe
-0.1404483873484912,0.4583568690449973,-1.0337210500199383,0.9823625664581946,-0.008347787602921741,0.5524511776636841,-1.464724345001134,1.0264860122508317,9.58657636752391,0.44215626692117893,8.683603302634332,10.307986839423224,-0.1521890184734498,1.5508036385185997,-3.5164177533108703,2.868354073040653,-0.23523871178984734,1.8676038524793324,-3.586307004908301,4.368461203509804,0.6464882065823705,1.8614251372044432,-3.978068392342592,3.675884059984551,Safe
0.023284311274993492,0.5516621538403728,-1.1509605823677924,1.5394404042276189,-0.04748836862835148,0.5806929839123731,-1.464724345001134,1.0264860122508317,9.627675692465237,0.43829875059819356,8.619630447238253,10.328590702824526,0.04730920253264508,1.9003402463610093,-4.253666975598531,3.1815914843425053,0.11377956968158379,1.9485079879017595,-3.586307004908301,4.368461203509804,0.5021041635795904,1.901544697067814,-3.370984785737155,3.675884059984551,Safe
0.036468088184484354,0.598402933268216,-1.1509605823677924,1.5394404042276189,-0.15519500860560637,0.4798897915037919,-1.3015685439136493,0.7650975994316757,9.748540583132343,0.5321483986592187,8.619630447238253,11.059215241860748,-0.20418532044090024,2.0790076352994697,-4.253666975598531,3.1815914843425053,0.16295889059404875,1.7376384880473972,-3.556405455131695,3.0524319175925574,-0.16848831439705006,2.197383331661146,-3.777046825430813,5.748165396019827,Safe
-0.0989480507249787,0.4978389552965522,-0.8032231601287863,0.9547083202350652,-0.06808183333379665,0.454991605022285,-1.3015685439136493,0.9675770200301146,9.885400823219012,0.533472611237269,8.796161364164576,11.059215241860748,0.3603417721810683,1.8015179524324427,-2.984204034290728,3.6960803835417,-0.22058986755612936,1.6398628061067726,-3.0512298600904884,2.706903122952237,0.23606242956296455,2.117448752212936,-3.777046825430813,5.748165396019827,Safe
-0.11130998531337326,0.41410613292748943,-0.8347026405606859,0.9547083202350652,-0.013862762737774821,0.5535055120109524,-1.2466354101650388,0.9675770200301146,9.900096858059523,0.5099386652168699,8.458325976446321,10.656173286231605,0.6930322905519327,2.275587014840509,-4.782157130567919,4.343605334793204,-0.17694501572858864,1.6152493990785515,-3.0512298600904884,4.213880364526371,0.5165794537486322,2.024405470792615,-4.563324144841155,3.888035300000883,Safe
-0.16839806308014157,0.40216345351762367,-0.9024410503322596,0.5031464046072203,0.019576165844537596,0.6685627740136777,-1.2466354101650388,1.0479217509045795,9.855157158935581,0.4715022761049733,8.458325976446321,10.656173286231605,0.0790318144933295,2.2774257504012803,-4.782157130567919,4.343605334793204,-0.024835201176456042,1.6504917041385572,-3.066784177837461,4.213880364526371,0.19433287382904635,2.1586009113983406,-4.563324144841155,3.8946084577793503,Safe
-0.12513731460309666,0.4710910468871295,-1.2358222500636449,0.7207843103289502,0.1061964271355656,0.6343589683032639,-0.9200388722528764,1.2557782757922118,9.739498629692184,0.46281844526131033,8.47271643592293,10.580220619888337,-0.1548098138166339,1.702108457793337,-4.106973097311777,2.8172389868918386,-0.25087839188998184,1.5682387386076928,-3.181691713717392,2.6664211227600885,-0.43584908499483993,2.1935035501676943,-5.712550826682315,3.8946084577793503,Safe
-0.0447158457396309,0.5074895197900574,-1.2358222500636449,1.0377003993227194,0.07400140053569657,0.5403645158019532,-1.0949608524892769,1.2557782757922118,9.842667479221854,0.5112061432289394,8.47271643592293,10.547556182154928,0.22670757123997448,1.8843685388571916,-4.106973097311777,4.312699263458597,-0.7718457544867232,1.3789030756538403,-3.343944943585104,2.317334046682604,-1.2097634910122872,2.6050632173558133,-6.615799904994777,3.849676724159731,Safe
0.019624587315171204,0.5501096535202703,-1.1055676545039426,1.135346428902198,0.04434514277380186,0.5064993179316759,-1.0949608524892769,1.0623857015084808,9.903341978561341,0.5159352141736719,8.913461801043805,10.881503527292455,-0.2577457534249344,2.2710798408590596,-5.490599107344769,4.312699263458597,-0.7325564772425687,1.7098780461098115,-3.343944943585104,3.2255604653940786,-0.63978894126288,2.6455784453478723,-6.615799904994777,3.849676724159731,Safe
0.0438809997882609,0.45515012363293045,-1.1055676545039426,1.135346428902198,0.07333398954285221,0.5578532944084238,-0.739722111569862,1.1518193760523945,9.753090612028652,0.5588625086486353,8.889866807602216,10.881503527292455,-0.4634978357498019,2.133557557326536,-5.490599107344769,2.93288478237716,0.20730288721238352,2.2328976565468426,-3.317549250172062,5.939019015491329,-0.2229583068529857,2.1765261259907156,-4.825101635839622,3.697877237123717,Safe
0.046331677468773334,0.4953184896840798,-0.8893601244521393,1.2228759898084132,0.05119702751739384,0.5042706214597604,-0.739722111569862,1.1518193760523945,9.793125987989194,0.5420211686089085,8.889866807602216,10.908323027489477,-0.2731070909564302,2.259133628387286,-5.603823138975783,3.0492771929655125,0.5790702464287306,2.1888466278808743,-4.10210481570771,5.939019015491329,0.024855774822699975,2.1410137924045736,-4.825101635839622,4.285422068928373,Safe
0.1657066738806145,0.5232106253119886,-0.8893601244521393,1.2228759898084132,-0.043392532918311875,0.5014498415851478,-0.9891126246874052,1.024906047892963,9.800368336965485,0.5677207346477113,8.620784170063336,10.992703885999989,-0.04520058487976778,2.415736734964906,-5.603823138975783,4.8031673220607045,0.09958173092069461,1.9460047584449292,-4.671861394110193,3.3518375752187533,0.45287182790260494,2.053263347860406,-3.8601737386468646,5.054020836657211,Safe
-0.0014057674617386023,0.5128934374804333,-0.8462323148574097,0.9410122482375168,-0.061437945444958286,0.4341460541101002,-0.9891126246874052,0.9488835083729884,9.681850382129635,0.5327650985799989,8.620784170063336,10.992703885999989,0.1471902935591642,2.0406195520469614,-3.402280948534484,4.8031673220607045,0.14620894704307003,1.829885617760455,-4.671861394110193,3.858539993242565,0.2756879020336969,2.1989357712787663,-5.020444282080826,5.054020836657211,Safe
-0.06768293196039671,0.5760578248185257,-1.3484433214707858,1.2866799016249302,0.0017096404377755948,0.38217858556396456,-1.0432388291855423,1.106265519698621,9.765941879279096,0.47988677108913297,9.025927843289976,10.718377814787551,0.3298222917484526,1.8005314985058654,-3.683838157863086,4.008846607350342,0.824324505371422,1.9698047392573828,-3.5902583932397367,3.858539993242565,-0.35832396769889113,1.8731606838183772,-5.020444282080826,4.021806070826868,Safe
-0.0640821142160561,0.5882836769494804,-1.3484433214707858,1.2866799016249302,0.0609890345409111,0.4275884989262973,-1.0432388291855423,1.106265519698621,9.831486703484046,0.49556161823847955,8.456228072309411,10.718377814787551,0.291096988471802,1.6095741899331297,-3.683838157863086,3.03684406130436,0.17596874299402215,1.9674349572257657,-3.5902583932397367,3.2295665084946545,-0.3665100674649381,1.8942007123074185,-4.85951059536509,3.054616448389196,Safe
-0.06504955404873211,0.5267403862276706,-1.325484904196506,0.8761352217118114,0.11983159552781192,0.41931273897886884,-0.6289340779544439,1.2425949583394458,9.692197633704556,0.4172647873120712,8.456228072309411,10.278028083968008,-0.26336499383022616,1.821388407281459,-3.765966893343453,3.178882567123397,-0.29301047514037154,1.7638533179071834,-4.9208716441924105,3.173799314066182,0.05067318816414114,1.9562404691089192,-4.212012402766267,4.760775492328979,Safe
-0.017544653490046448,0.46315767965880505,-0.7783145867619519,0.8761352217118114,0.16542989995175353,0.4226772901141818,-0.5597730641915843,1.2425949583394458,9.682965872761654,0.4217471939183641,8.700111026274076,10.405545341573095,0.07219082630892992,2.0154974150027853,-3.765966893343453,5.060739337283379,-0.0055523064811118465,1.8306612370030548,-4.9208716441924105,3.173799314066182,-0.1050369111450749,1.6264704963771648,-2.7961960293637507,4.760775492328979,Safe
-0.018985850217527748,0.4776142987291613,-1.040964703941861,0.8773970909921823,0.14023498575294185,0.5570258090891063,-1.066297813077418,1.6215464847973666,9.855058805822614,0.5319685569388396,8.700111026274076,10.682291935037624,0.009842759405820104,1.8539345511578698,-2.978568528880436,5.060739337283379,0.15630246267797826,2.069153510052425,-2.89476266692618,6.568236402575768,-0.2610450514573749,1.7361108797350568,-2.7961960293637507,3.182430581764587,Safe
-0.040784924552932256,0.46968166911664216,-1.040964703941861,0.8773970909921823,-0.01085695390640632,0.6731222726609386,-1.1580719314844383,1.6215464847973666,9.921633662371686,0.553170775752727,8.563594750302324,10.701961297600883,-0.2864288417855721,1.7785025930605507,-2.7501704663341697,3.115810864636713,0.2091605701350961,2.276475937863589,-3.515574847884145,6.568236402575768,-0.4203866360433194,2.2714896708690717,-5.687887329543536,3.182430581764587,Safe
-0.1023842204478633,0.46013869964632553,-0.9204371156658226,0.8327372222312883,-0.15244414958610883,0.5506567175428441,-1.1580719314844383,0.8515863049590189,9.745527936767393,0.5890513336502684,8.563594750302324,11.277703103194234,-0.19480633806766173,1.6740037113432358,-2.9206048704184453,2.7152392661002787,0.1825171205948362,2.130131762541203,-3.515574847884145,4.54818713828648,-0.18988777331908663,2.4208681255563276,-5.687887329543536,3.1462720440858054,Safe
0.017378567819164262,0.560932742555641,-0.9204371156658226,1.3161910324186954,-0.07579733037967858,0.46208416540499836,-1.0885325232214274,1.021038020071872,9.722981584444113,0.62053287172591,8.61754724552471,11.277703103194234,-0.28143942626433416,1.4791740918646408,-2.9206048704184453,2.3046972779238515,0.23003531597114746,2.166254238792289,-3.481401212760671,4.54818713828648,0.5109693788638965,1.8754493591995176,-5.31016403575898,3.090452891769638,Safe
0.09595237688026574,0.5454239360655825,-0.7851123599452282,1.3161910324186954,-0.1044408906143965,0.5034004086185268,-1.0377940045392666,1.021038020071872,9.83462493865421,0.5972615176899776,8.61754724552471,10.877793365038684,-0.3393904779757004,2.0953253656926254,-7.8448005032366845,3.174801204831074,0.08735594169182997,2.05331956662208,-5.565920864686441,4.383276510109974,0.29634614275958027,1.6584670864634474,-2.516592770501811,3.424615456733845,Safe
0.03630498826550135,0.45230416085454633,-0.8304804667579957,0.9062242789984644,-0.14608469876355995,0.4372334214125378,-1.0377940045392666,0.6517539659673796,9.848147261839058,0.4641170743796914,8.701204460320614,10.877793365038684,-0.3077482178300056,2.2877522879035803,-7.8448005032366845,3.3529099238293254,0.3879451655564168,2.2442631990660393,-5.565920864686441,5.006475610138977,-0.5044369852986841,1.8538489273397953,-4.632889713854981,3.424615456733845,Safe
0.012614828815945712,0.37659165783698106,-0.8304804667579957,0.6278780627867604,-0.14742178954912252,0.39359574814036,-0.9842521067190269,0.6516390186580319,9.814649592750124,0.5072728749787767,8.63477207368782,10.646434100949266,-0.043724351038972875,2.0727740833109305,-4.144270232192974,4.611273674734378,-0.060709019584220654,2.35864114532904,-4.513450210578838,5.006475610138977,-0.531009158764686,1.8160869322613793,-4.632889713854981,2.952229749131529,Safe
0.10700664472419792,0.41541933288000776,-0.742780186518486,1.1494490618096251,-0.23870642184598326,0.37759535576293896,-0.9842521067190269,0.4053993227958549,9.728846038065608,0.6319301350652938,8.63477207368782,10.806018317979657,0.07079309013404364,1.8228655765950832,-4.144270232192974,4.611273674734378,-0.09636247121263362,1.9225098312506883,-4.513450210578838,3.214038016498562,0.15414547010870672,2.096140025674972,-3.594287335258209,3.922208582582934,Safe
0.07575616357331906,0.49718829945598836,-0.742780186518486,1.1494490618096251,-0.11903150554238476,0.40799538621333986,-0.8965532262672884,0.6188268787559991,9.619275639530114,0.518888978179772,8.75655544268696,10.806018317979657,-0.24716925607342796,1.834042118461386,-3.3760686503953563,4.331042904413113,0.15415299763852333,1.655038230205364,-2.9358363552776017,2.863177810428222,0.35670712154936873,2.3017314909365103,-3.594287335258209,3.922208582582934,Safe
0.03680481769947977,0.4839246477396492,-0.6722252555171385,1.2276500699554471,-0.007385856179546772,0.47230855349491657,-0.716575907262356,0.8043904278671867,9.72201447310894,0.5369186467459347,8.924759431111962,11.074963874625976,-0.4391631401547805,1.8793386096244038,-3.3760686503953563,4.331042904413113,-0.17747367040374956,2.0958033807325247,-3.1464258791234143,4.314431774895475,0.5161695492291422,2.7584184487385555,-3.1175245062762835,8.958168502051514,Safe
0.10635599691910345,0.48433975143947056,-0.757872057498616,1.2276500699554471,-0.02954945349621325,0.4375046328175362,-0.716575907262356,0.8268086342461425,9.905960917157214,0.5829489223925379,8.947114437593713,11.074963874625976,-0.006450266243437522,1.494972438121448,-2.502712364478574,4.10818488287195,-0.22201527638890717,2.180676305989342,-3.6232796942367744,4.314431774895475,0.7228653291650647,2.7492543662500424,-4.018430688051123,8.958168502051514,Safe
0.10424876237968655,0.5112045617351267,-0.757872057498616,1.2634662129368108,-0.12568956408884716,0.429077245115606,-0.9218967917403728,0.8268086342461425,9.790354883695098,0.4773510473146654,8.996344136026343,10.776679873857178,0.2680837440089594,1.776317894093955,-2.7216699566021583,4.10818488287195,-0.42306886072806754,1.956988510255911,-4.428536371769103,3.279913363657321,0.13484673149440635,1.9477709367693659,-4.018430688051123,4.145197081525037,Safe
0.20868711436529944,0.4613619980158042,-0.6896596140072636,1.2634662129368108,-0.08252316872367203,0.5006244330984457,-1.0980639105499732,0.6967272637622157,9.68067655123867,0.5411321419087233,8.996344136026343,11.574527593785245,0.06800947129774082,1.8512706280450069,-2.7216699566021583,3.7922465525086935,-0.41369599205940694,1.7555647806550034,-4.428536371769103,1.9880055767376932,0.06488188503207107,1.961553551528584,-2.574757186270691,4.481224240348564,Safe
0.2515430459285028,0.393637544821156,-0.6799280704899596,1.08162736165273,-0.0028439196584355082,0.527479341622289,-1.0980639105499732,0.8345347629131655,9.74838257343703,0.5855904549704717,8.75508087968718,11.574527593785245,0.48648919755896386,1.8241099586554088,-2.516529258734576,4.645218450525532,-0.06266321587595146,2.023929434185298,-3.5390204727049444,5.685187456020919,0.2367006185246893,2.0161849343297327,-2.760779693448135,4.481224240348564,Safe
0.11081981697164241,0.42332046971806325,-0.7615934523918874,1.08162736165273,-0.003879902351052187,0.48719546521719514,-0.805783679551414,0.9277516573971316,9.710378097255525,0.545296141533329,8.75508087968718,11.090251479677844,0.4270225044838554,1.8200931438297234,-3.437860825907694,4.645218450525532,-0.4079704060323228,2.3718448605232823,-5.1565857002810604,5.685187456020919,-0.08414286704878053,1.673283084925269,-3.1803826465085963,2.764275989693348,Safe
0.004413853853231249,0.5041100209816483,-1.099402978310041,0.9405785347202952,0.04164161355749838,0.4754618881041261,-1.195152183734719,0.9277516573971316,9.769457068855138,0.5514727748562934,8.793823117850808,11.090251479677844,0.04339821852773319,1.9796058093740954,-3.822318650520976,4.044348200174757,-0.46915656368694475,2.170566102577943,-5.1565857002810604,2.693346002802292,-0.04815620476680175,1.7342523357948707,-3.1803826465085963,3.1309093199182243,Safe
-0.016014368869941717,0.5026675816717356,-1.099402978310041,0.9405785347202952,0.06392598400001288,0.48162308810286014,-1.195152183734719,1.092048366690228,9.843685504239504,0.5842142005674265,8.890740688363966,11.143452611160004,-0.10331429385388974,2.194257668602882,-4.686078203303682,4.044348200174757,0.19791534563384308,2.2445405127825033,-4.036468222862393,4.23546000601713,0.3243285469624641,1.741132062658914,-2.5185911037600763,3.7176052711610303,Safe
0.052261078563353755,0.43537911587989125,-0.7627625854623694,0.9004702164554078,0.08807236857250328,0.4773605890543288,-0.9448246460480764,1.092048366690228,9.905880601491488,0.5577274821914371,8.890740688363966,11.143452611160004,-0.0484270208330032,1.9007619836210712,-4.686078203303682,3.1782946032729145,0.3672902671997977,2.074965812014199,-3.0542415906715115,4.23546000601713,0.5513587092411867,2.06902442312549,-3.1466938992114795,5.49756483182013,Safe
-0.02162739305544982,0.5186414775977556,-1.2119396633144783,0.9004702164554078,0.1459927408534925,0.6054874568836803,-1.0410493515944936,1.5760283672560425,9.884310451501474,0.5075001536181534,8.834198543558557,10.85554713636624,-0.39500354732818116,1.8425668181194537,-3.5519644939237853,3.3485415321422605,-0.14245254277199437,1.8766593612119695,-3.805252472862884,3.1972951871822204,0.05105161190999332,2.23951531565298,-4.0058968277303855,5.49756483182013,Safe
-0.05897206804224928,0.527818418881074,-1.2119396633144783,0.8988432634247613,-0.026276291255640398,0.6609312383901773,-1.0410493515944936,1.5760283672560425,9.847889571362625,0.5004590624304658,8.834198543558557,10.85554713636624,-0.4506014999990416,2.0043469938260654,-3.996689934289252,3.3485415321422605,-0.5569484186191456,2.0018395956615396,-4.609714345192577,3.0857762110782367,-0.0904956484549512,1.6979364593205528,-4.0058968277303855,2.4148514983132965,Safe
0.11785382056933694,0.4685885601529879,-1.020867434212145,1.0376304363126327,-0.22334991136003565,0.4994025379199512,-1.3521958158013876,0.821689077902267,10.018031583470979,0.3877892109047383,8.9211595188149,10.61395753055958,0.14574559436217133,1.9699839476714338,-3.996689934289252,3.589049696784424,-0.5199073868793515,2.074565129955103,-4.609714345192577,3.852690811442268,0.34712967498851505,1.661479764794165,-2.487346228377684,3.636928756763186,Safe
0.14764290523780155,0.4562740349931654,-0.8342920369387947,1.0711351793059318,-0.18545547864211515,0.5640050389334011,-1.4195393297427137,1.0849682940402714,9.943700938189927,0.4927501579092838,8.997253864900085,10.834354128849428,0.30101976607777853,1.988090824354812,-3.953643137895181,3.589049696784424,0.2611067317285235,2.061734512183175,-3.4841078835436607,4.688107557665252,0.484012191224496,2.0441450990238312,-2.4825985454819137,4.950627601872204,Safe
0.1280192914661102,0.5151946713475192,-0.8342920369387947,1.0711351793059318,-0.013263064050440896,0.6063054990023078,-1.4195393297427137,1.4073272222362765,9.671548755525759,0.5326606112898009,8.667111377752526,10.834354128849428,0.3922099142435726,1.7236989818267032,-3.953643137895181,3.97135282202968,0.8652092648265235,1.9468611983443913,-2.682260065311421,4.688107557665252,0.15386115968000233,1.9457286245340137,-3.0358982298934065,4.950627601872204,Safe
0.0442858549975721,0.5544730265176904,-1.4242713103150375,0.8419638457289343,0.0973810946368871,0.4293013880700642,-0.8079433937052364,1.4073272222362765,9.775944859436605,0.5142717629522133,8.667111377752526,10.786553599136289,-0.17670680068496855,1.8079636065401679,-3.5437933644928874,3.97135282202968,0.7581082325297824,2.024140607429913,-2.682260065311421,4.340904357889112,-0.06640587501623343,1.8961884518993763,-4.03985234788455,3.370128690666368,Safe
-0.061483886244827896,0.5040533363632334,-1.4242713103150375,0.7503798953171554,-0.06947076069355182,0.3956389877508732,-1.003728430372505,0.7310979693588184,9.953301598889292,0.5203432398938669,8.769629737304511,10.8399225008687,-0.44725848545292585,1.7807116622515045,-3.5437933644928874,3.563369572933703,0.9783873668516766,1.8737948942585307,-2.1702830863246656,4.796898571176139,-0.1718889080116073,1.940425542719438,-4.03985234788455,3.370128690666368,Safe
0.04673792573337177,0.41878091992968286,-0.7782909493298755,1.0383739917804204,-0.02247452029103915,0.4820213923678142,-1.003728430372505,0.8393373366862831,9.84066149139315,0.5828037656218055,8.757708600617335,10.8399225008687,-0.2666091764077987,1.9840302522005901,-4.916338861098037,3.697326137933101,0.6083306262523436,1.8659996546022444,-2.2733862378416303,4.796898571176139,-0.18337700624872255,1.897991223835567,-3.614524619131468,3.3401878011661785,Safe
0.07195373885279487,0.5353580795382651,-1.4481276890968446,1.0441873523903638,0.071531791547228,0.4629746042743849,-0.9558202753258784,0.8393373366862831,9.68949092781404,0.5880499996452531,8.626261173313361,11.165397149520269,-0.08909087100376162,2.2219151304358897,-4.916338861098037,3.697326137933101,-0.2806271474899461,1.9842257228337101,-4.25729824903704,3.8851543576612633,0.40256760803576974,2.1116903222854573,-3.614524619131468,4.953858267446824,Safe
0.15263524698287068,0.5795499383560062,-1.4481276890968446,1.2017077926191375,-0.018316215280328826,0.46561510372957554,-0.9450050855914714,0.8148210655563993,9.730099452061818,0.5472092625576789,8.626261173313361,11.165397149520269,0.0648854610409494,2.0320228574441686,-4.205201383842044,5.0063435818114215,-0.10883110180779582,2.220145989627773,-4.25729824903704,5.359257387800006,0.6408446630948185,1.9907757646051507,-2.485128005599411,4.953858267446824,Safe
0.20641118591414565,0.41527569655045693,-0.6138039075684962,1.2017077926191375,0.03797025350519115,0.4918810865387419,-0.9450050855914714,0.899362509175656,9.831526618302307,0.4335053817604434,8.842956127270211,10.686597401032794,-0.6515099466793264,2.1340101445355044,-5.444908281983878,5.0063435818114215,0.16084929112038154,2.080887169626301,-4.941326565758802,5.359257387800006,0.23399485151204083,2.0022571828462,-4.173697058631875,3.0672456914658466,Safe
-0.014998364229991535,0.49974387178562096,-1.0766950568018574,0.8210075800681845,0.062384249930866546,0.4892650477818268,-1.3153650684145315,0.899362509175656,9.744048324508421,0.5487942295285541,8.199491822007143,10.49319470592722,-1.0406320937984117,1.7472507173089897,-5.444908281983878,2.235867645454304,-0.02195644616045954,1.7679489518653004,-4.941326565758802,2.6131081354690013,0.17565939289509203,2.04643729238984,-4.173697058631875,3.54191510669549,Safe
0.04148078792384988,0.6755431635078799,-1.2497028574367866,1.2198762031696364,-0.03391213871754595,0.44341816689929414,-1.3153650684145315,0.8191798661354704,9.714043511707757,0.5829375229238016,8.199491822007143,10.758943646329351,-0.5259845556844337,1.8632437720396886,-4.953584133754174,3.0386727021812883,0.12501280050060315,2.1553365754229894,-3.4146859072992,6.081373908318882,-0.1633869209845048,2.0803693252755187,-5.567432447596198,3.54191510669549,Safe
0.048999545606189215,0.6327501063003576,-1.2497028574367866,1.2198762031696364,-0.09107869954383632,0.3605388365841636,-0.9181798918851988,0.9067038492577116,9.790942524202878,0.4355591992791211,8.774311410330922,10.758943646329351,0.2086795906333667,1.9889557691239539,-4.953584133754174,3.539826135311186,0.19644293818749847,2.189301240159181,-3.4146859072992,6.081373908318882,-0.42057893533771357,1.9256750874920325,-5.567432447596198,3.451996004188674,Safe
-0.08554656539973877,0.4366112396647192,-0.8464784070976927,0.6960011431722997,-0.13280320580910654,0.5866738669333351,-1.5038161698468786,1.1745378933503787,9.835717005094052,0.490677430785078,8.777348612479695,10.870815653665105,0.7625744047420767,1.9975152757764612,-2.838768711592081,5.828218431536723,0.16179275276220348,2.045009759827703,-3.571482563892526,4.88184793091307,-0.23924915171090333,1.6989672018438013,-3.016338418744356,3.6572505248836498,Safe
-0.06414575941604907,0.41268984319543456,-0.7964968667658346,0.8747883715934697,-0.23715447651407942,0.6209835555998569,-1.5038161698468786,1.1745378933503787,9.839523244171751,0.5709838634186554,8.777348612479695,10.993707182013562,0.42037801654877516,2.067762200797758,-3.8266806694456057,5.828218431536723,0.309088410799306,2.3102598526756655,-3.571482563892526,6.193177792285098,0.40242100653134993,2.1655711561818225,-3.016338418744356,5.506459021606414,Safe
0.041111555098677255,0.46479974184868733,-0.7013026358998468,1.1052615007956756,-0.12786214050767322,0.5687579869026164,-1.4273133314521955,0.9344089202719266,9.819159185996925,0.6054147318010674,8.672689484396901,11.368840564604024,-0.06872263054866655,2.107798586461452,-5.480852844069863,3.0322323607100863,0.7542526792856159,2.302161638829733,-3.008297061895958,6.857820956016427,0.7674154520244262,2.1113994553278816,-2.8178078088508096,5.506459021606414,Safe
0.11635988218249232,0.541281257212519,-0.6849014897895389,1.2898546688271593,0.006376246589534003,0.5810329761448773,-1.195978102156512,0.9344089202719266,9.80694973177347,0.5579639097518957,8.672689484396901,11.368840564604024,-0.12779771683578323,2.2966154993656462,-5.480852844069863,3.371403508069943,0.26004942014482146,2.502258298801644,-4.325358021029059,6.857820956016427,0.020794008840947377,2.085190911039438,-5.134871819478,4.017818838192256,Safe
-0.008262124337165848,0.5584456669316099,-0.9968678212857276,1.2898546688271593,0.018631152123835783,0.5302456914879347,-0.9209488864789288,1.0981115710763996,9.848182127870514,0.5108296831044032,8.851325556994851,11.03618495643436,-0.14279450214917272,1.857206258670101,-3.011495601128333,3.371403508069943,-0.059773540128340685,2.3443140890573226,-4.325358021029059,5.250611160537823,-0.30249223683170495,2.3550422473577566,-5.140295097160705,4.017818838192256,Safe
-0.03983426531587784,0.4774915428079136,-0.9968678212857276,0.8362861934188517,-0.047751305051610335,0.5073392746543336,-1.0108993199809737,1.0981115710763996,9.915803061926589,0.5256421180165363,8.851325556994851,11.03618495643436,0.14420962221096859,1.4704394907925302,-2.703415064049293,3.9375146188679175,0.4239945426966934,1.7314614556861578,-3.138198049386449,5.250611160537823,-0.022521346526264387,2.0857590439208913,-5.140295097160705,3.1953499934099656,Safe
-0.03866998941402932,0.5046743900823766,-1.0764452964762414,1.159664769990847,-0.04649738774023469,0.5020696010166155,-1.0108993199809737,1.0465989661049724,9.950314273751463,0.4706242428968979,8.951163925818303,10.80181682621801,0.4473730809822947,1.217153679290108,-1.521201328850278,3.9375146188679175,0.05383438436007397,1.294723222996971,-2.8944355585159167,2.6826601390993603,0.1912829645267862,1.758560501896969,-2.673444168293244,3.407454309394476,Safe
0.04210119867300266,0.5026933578040651,-1.0764452964762414,1.2464997587163953,-0.08996318601149325,0.48570372858858546,-0.7635839282948238,1.0465989661049724,9.755571718671828,0.5030846282461601,8.332875529378985,10.793458481254127,0.14731814190801634,1.909533157846862,-4.711406980254716,3.814981345106536,0.06515771878196602,1.797865124215466,-3.725727172902472,3.415097778643521,-0.21035769734780477,1.798342359855722,-3.200378573524319,3.407454309394476,Safe
0.07997043768271285,0.39635378891284667,-0.6559181161750798,1.2464997587163953,-0.17622912542455982,0.4326826069625942,-0.872853716429826,0.6033040774319576,9.57554737839953,0.5674486233634225,8.28767173037842,10.579598600087454,0.1163733220228404,2.2565151377378228,-4.711406980254716,4.120845396889398,0.2771875955639473,2.153101138354928,-3.725727172902472,4.666071124222935,-0.43226616947586305,2.180862316292434,-3.99409487323595,5.456999490593214,Safe
0.025454458777383046,0.4323167661662533,-0.9877332831769357,0.7653754161718487,0.004701188171331991,0.43745142640566087,-0.872853716429826,0.8497179915043548,9.854085063209535,0.6573173312627667,8.28767173037842,11.281524167634313,0.39018325061522535,1.782737426049097,-3.33742772469226,4.120845396889398,0.24341011113751795,2.285442007366471,-4.71692828441493,4.769195600662939,0.02494259288973755,2.183866332410301,-3.99409487323595,5.456999490593214,Safe
-0.030874596505024166,0.49111880415332365,-1.2769605674509774,0.7653754161718487,-0.01645273725634993,0.49841498691254443,-1.0317015762397272,0.9741713223949066,9.89917565176231,0.5413378429035153,8.94109769207675,11.281524167634313,0.07606057852300102,1.8258881313455355,-4.003412003451067,3.7910146919827103,-0.22315825394410477,2.1507736304951344,-4.71692828441493,4.769195600662939,0.08256180811860216,1.8133966131787567,-5.509043256796746,2.9979169253350637,Safe
-0.14680099014632575,0.5099308270361665,-1.295521146072455,0.5982857508322457,-0.08487754405742785,0.4923149098670415,-1.0317015762397272,0.9741713223949066,9.823086693028868,0.4813098740683177,8.94109769207675,10.7817644405611,-0.37483749191041155,2.075176089889953,-4.003412003451067,5.145504778488948,-0.6560868484797286,1.6585871313760308,-4.105564866341051,2.531045842837081,-0.8207845525301519,2.0898198265162,-5.509043256796746,2.7839831523626626,Safe
-0.10704616941255024,0.5359340745947082,-1.295521146072455,0.913004856773468,-0.04196059513988574,0.5309016647280596,-1.185829680429446,1.0489696695662156,9.926947094999145,0.4817499938877066,8.85540127051138,10.7961722395411,-0.12954498370095469,1.9382244138633695,-3.982280297909333,5.145504778488948,-0.26184353568181284,1.6507153895858413,-4.505067029567298,2.7602465791708,-0.6782862617240027,2.0813614731494234,-5.135170235867516,3.269211023522403,Safe
0.09084796477785523,0.5228131242417798,-0.8067806989383706,1.0786541066327515,-0.03048461188225485,0.48686107302228027,-1.185829680429446,1.0489696695662156,9.876461881861017,0.42227214363717264,8.85540127051138,10.7961722395411,0.2941689563787608,2.078997747300615,-4.98232281630292,4.698217116050065,0.21493198071473746,1.6963674764722139,-4.505067029567298,3.355368181799619,-0.09207121280682447,1.7677579977386568,-4.246757076796456,3.269211023522403,Safe
0.1006802306720807,0.4974093380871172,-0.7109053333709219,1.0786541066327515,0.014974092954179391,0.3695157371122305,-0.7163356448698264,0.5400280295696551,9.858675937473079,0.44731872051336774,8.872496306264033,10.642801606843264,0.22468080714173508,2.1427669035502324,-4.98232281630292,4.698217116050065,0.03645650019372131,1.8585069823139095,-3.1586903241405206,4.108191165847287,0.15513103446969193,1.7694382777631474,-4.246757076796456,3.2403173699134147,Safe
0.10104165244960542,0.4827784264159121,-0.7109053333709219,1.082501172450542,-0.07802164904695537,0.5302678762723092,-1.2490305087464697,0.6848505538270924,9.822123466493935,0.5407590043725637,8.872496306264033,10.954395330440144,0.11241489719451409,1.5501719759254655,-3.739463323909982,2.9970927213397074,-0.31735939114846007,1.805032454950776,-4.076893049764346,4.108191165847287,0.1774471551613215,2.099843422338201,-3.814443999377606,4.201974379626223,Safe
0.15170763689310102,0.4764467201449352,-0.9831782946880008,1.082501172450542,-0.18832143251335876,0.5309508532636955,-1.2490305087464697,0.6848505538270924,9.694732213454639,0.4756208785697291,8.9129282444007,10.954395330440144,0.09737480531800972,1.4950628234469368,-3.0333250925718427,3.2330433090274977,-0.20516168520347094,1.9688286612032142,-5.640337644481382,2.33458143476756,-0.31268437161702106,2.1771918431603745,-3.814443999377606,4.201974379626223,Safe
0.16323753853841172,0.4915293023915824,-0.9831782946880008,1.3008415570901974,-0.0804949812798175,0.47757961117517167,-1.1152340095622295,0.7483552037229907,9.798736261158725,0.5415419389451562,8.919687163546255,11.20610443395498,-0.0465530922606935,1.537212423925702,-3.0333250925718427,3.2330433090274977,0.15338744418645303,2.2224060652076183,-5.640337644481382,6.37314982362211,-0.13138758358295194,2.1993632281232554,-5.867541294458954,3.8424748341792254,Safe
0.12401492819936859,0.49162291579110495,-0.8803813795779089,1.3008415570901974,0.03832893585798603,0.5021324035782616,-0.9683763512512324,0.9246810706931904,9.809637390596494,0.5641712406629059,8.919687163546255,11.20610443395498,-0.020637660102736755,1.8993496677848523,-2.5332639902132192,5.264772409354997,0.4701740958251318,1.7704877983539082,-2.2490433592277905,6.37314982362211,0.09624928386777082,2.107484805291748,-5.867541294458954,3.8424748341792254,Safe
0.024030336013592633,0.4283340320937296,-0.8803813795779089,0.8634819256167026,0.09175874260506976,0.47105023604371055,-0.7757561245294645,0.9246810706931904,9.731944599535584,0.5065151265455091,8.687207051217419,10.865648167049793,0.14116834373466722,2.096463785597256,-2.6753483721753684,5.264772409354997,0.10787084619126712,1.863216856694239,-4.047863221965889,4.220685304192755,0.42714043167751,1.9492182411609749,-3.064443574480623,4.850825183607785,Safe
0.1459624531420934,0.556637431460126,-0.8804044059903879,1.279099642834126,0.008145348118007045,0.49146794709743535,-1.084838708862851,0.8386885439027446,9.781157841713275,0.5441027990436036,8.423092530033042,10.872278114914508,-0.20891771775060342,1.744866169505255,-2.9747488928079537,3.801298083444174,-0.005525160881394584,1.8892265190397315,-4.047863221965889,4.220685304192755,0.6946971347593974,1.8998475371868144,-2.9562274287753785,4.850825183607785,Safe
0.09250136361160326,0.5896965057058169,-0.93326830853653,1.279099642834126,-0.11069597097452216,0.4721885371647409,-1.084838708862851,0.8386885439027446,9.78041361281219,0.5775324845684509,8.423092530033042,11.012418771126988,-0.3566572504146539,1.7485234647789756,-3.765041502934928,3.0826422896026413,0.29129637060202607,1.5629465065660306,-3.4734536355288785,3.33559586600903,0.2220371434779185,1.6741052031926211,-2.4852402898898305,3.634621639451214,Safe
0.066732722019985,0.4996061381812441,-0.93326830853653,0.9422931529673044,-0.01475470581308086,0.45365454578654385,-0.79179419489379,1.0375325196742708,9.763056904661964,0.6039242191916504,8.620501979623388,11.012418771126988,-0.09741412366100977,2.051807389360588,-3.78406714497134,4.234648288741907,0.3386646728296553,2.058977935333939,-3.4734536355288785,5.380630014577387,-0.022916475317885734,1.7770457314405324,-2.885777148115387,4.681445223051354,Safe
0.012970213247302187,0.5973639049032965,-1.4361311066408249,0.9422931529673044,0.047939447053570096,0.4697064841902741,-0.9105430346472482,1.0375325196742708,9.753842618264619,0.541512032290221,8.620501979623388,10.701452800032571,-0.4295513353513736,2.4247986340249863,-5.621256633236167,4.234648288741907,0.2797395604063683,2.343767966374692,-6.165124350286475,5.380630014577387,-0.07421858533852177,2.2367056741943663,-4.479583260732242,4.681445223051354,Safe
-0.06663265071432359,0.5170677081227716,-1.4361311066408249,0.886125798334872,0.033253636011705286,0.40570636579780367,-0.9105430346472482,0.9725975371384664,9.858854247453838,0.49058702839451646,8.749956392439913,10.768629574213062,-0.5166128651427035,2.3001394604776886,-5.621256633236167,3.737054376146182,0.290632852067321,2.250234190053046,-6.165124350286475,4.211712688726654,-0.01960272131211338,2.376142291491748,-4.479583260732242,4.158313396933608,Safe
-0.053153067006701735,0.45214184259134793,-1.2121201301364708,0.7463442844797609,0.028328259733031682,0.40504440417980003,-0.6145917989002081,0.8595203064209105,9.788754297240587,0.5201655377976745,8.949461239519765,10.768629574213062,-0.1553969809335966,2.124649040235739,-3.696220224777073,4.599938248772947,-0.43901788927087243,1.9644453676186455,-4.174138491419033,4.211712688726654,0.12009329860381611,2.1318970742309244,-3.4675341800164965,3.376314105805581,Safe
-0.09774114373587023,0.4463803614936242,-1.2121201301364708,0.5823696772285857,0.03263561433693175,0.4571188105642736,-0.6145917989002081,0.9102719539709078,9.70485819018957,0.5128236402119163,8.733543242121243,10.551871955101854,-0.1536191560357626,2.276585427928808,-4.4352181603040295,5.602745979269957,-0.7660592725793688,2.022820215557216,-5.936736860471704,3.344083546084641,0.21605816714388615,2.506189873834572,-5.086186378949558,4.90787734585078,Safe
-0.10396768528470295,0.5368937977811433,-1.4606752417473037,1.0287477348558494,0.09207859315525914,0.47976824175205063,-1.0857857023802238,0.9102719539709078,9.733681505104181,0.46594584087165486,8.733543242121243,10.53347207319349,-0.02677122416947794,1.8498539024368932,-4.4352181603040295,5.602745979269957,0.17428317150315425,2.284680057125103,-5.936736860471704,3.6335864733247454,0.11696998204924634,2.547336578704269,-5.086186378949558,4.90787734585078,Safe
-0.02825738596674908,0.6227601537219403,-1.4606752417473037,1.5965537839224304,0.0012724049159218804,0.5342096210855489,-1.4187532206986897,0.8175331972637597,9.667310690742408,0.5222924654133798,7.965817354285779,10.562531019304163,0.14658897732600842,1.7023911235197127,-3.7794069672430903,2.7662712935563047,0.20280589480796987,2.198432853691278,-3.68750591758526,4.970627849067372,-0.05912001591480498,2.2112817179089714,-3.3594906530379918,4.462992670404932,Safe
0.10700754426015059,0.5187489655721191,-0.7815954043483285,1.5965537839224304,-0.03326001916264735,0.5086198142477941,-1.4187532206986897,0.8631132728178162,9.787821404090911,0.6228332000925187,7.965817354285779,11.170956073953247,0.427357925288999,1.9496150101186909,-3.7794069672430903,3.6210449568419865,-0.19155572917356267,2.3379814020119327,-4.45668487989956,4.970627849067372,0.12277078457039116,2.1092153216898586,-3.3594906530379918,4.462992670404932,Safe
0.15223663381296973,0.5057215964305783,-0.7191389891586834,1.294781821009307,-0.10030121651372204,0.6163537843251896,-1.4571279949084706,0.8631132728178162,9.787873563470393,0.6121654818158574,8.775812142284485,11.170956073953247,0.17608564899428233,1.9048450254201261,-3.0571825925185725,3.927105667087632,-0.37199853734452876,2.2900659912411823,-4.45668487989956,3.3559316739373943,0.3214025498547613,1.8325318490585965,-2.887436739190109,3.9665453118415206,Safe
0.13309880131369223,0.5114963072174412,-1.0609274495042973,1.294781821009307,-0.07336198486423715,0.6088035791421583,-1.4571279949084706,1.077464338691571,9.766914320473417,0.5633343417607597,8.742100075632598,10.832240778599973,-0.2024333485691123,1.9933597471278406,-3.430186694365078,3.927105667087632,0.2356039237420031,2.2993556317941923,-4.387295852517747,4.109619637277297,0.3902274002770218,1.9662331608370067,-3.0359022636865034,3.9665453118415206,Safe
0.07856987588686797,0.4509834877995635,-1.0609274495042973,0.8076878447347209,0.07060058608805812,0.4442734355440684,-0.8156675552085366,1.077464338691571,9.717982149478654,0.5545486606327502,8.009457447770242,10.56997600295715,-0.007423771883969943,1.8809847724266036,-3.430186694365078,2.9090769217755152,1.285979979053488,1.9929650126000131,-4.387295852517747,4.943867544863715,-0.1191068531394835,1.6955492915264814,-3.373140486162871,3.559323774175378,Safe
0.031199133550971266,0.3991057877346854,-0.6729898401233743,0.8076878447347209,-0.022832311359630087,0.4366797612449864,-0.8156675552085366,0.8326759588117655,9.730274334209206,0.5106631200818819,8.009457447770242,10.581138313830651,-0.13415624076189825,1.6731928161221339,-3.276491318189067,2.422855007264861,1.0190153508273623,2.0724143377250708,-3.3900355859506157,4.943867544863715,-0.28016547910516,1.5405135362066014,-3.373140486162871,5.194874414750449,Safe
0.0750946427180898,0.41039663236363555,-0.6729898401233743,0.9694644995291424,-0.0049490839009585915,0.40660570441294136,-0.7226026322061128,0.735517345408552,9.904673444378286,0.4343422531415835,9.105540448654738,10.597937904750983,-0.11042162392126595,1.9769303096458293,-4.168663242685601,4.297412587874103,0.15781530236020339,2.059775123863443,-3.3900355859506157,3.9369025787205807,0.34710913518217384,1.8652173324284425,-3.5124604689591536,5.194874414750449,Safe
0.09461280785662281,0.43188346319900456,-1.086334773007018,0.9694644995291424,0.14507070703698519,0.38291077890060005,-0.7226026322061128,1.1941859964352193,9.883577859975635,0.4721987320953245,9.105540448654738,10.628605822351426,-0.04645263459561956,2.2868886109890774,-4.168663242685601,4.297412587874103,-0.3004198897666949,2.068390886591453,-4.439978175112753,4.624088112719062,0.1841665944937108,1.7934619370881735,-3.5124604689591536,3.1678728819269666,Safe
0.04825943697065051,0.46324802290314365,-1.086334773007018,0.9190918383975611,0.042480760914798944,0.5036248815575353,-1.5852128679390278,1.1941859964352193,9.862565207888148,0.5261458005399561,8.974119363335918,11.165165822167449,-0.9772809116838254,2.4489691559129327,-6.465130865024867,4.23202411366199,0.1610226539662829,2.0826844196055463,-4.439978175112753,4.624088112719062,-0.47353680277722315,1.5223106105467192,-3.220339595986869,3.153699651178434,Safe
0.022149402286016362,0.5213496679929315,-1.3516161464996186,0.9190918383975611,-0.05194965659061115,0.47672155463099064,-1.5852128679390278,0.8021695541542981,9.885276424485888,0.4841437950028288,8.974119363335918,11.165165822167449,-1.2061728264868097,2.2188272572535994,-6.465130865024867,3.35635984424974,0.058731192457047186,1.9503091301461828,-4.755139659854205,4.440643716009764,0.015265662621042194,1.7905044849353344,-2.740513178415772,4.422666057203066,Safe
0.10816678447836545,0.5393472574302608,-1.3516161464996186,1.0854713587489069,0.01563360853608784,0.40331381165318336,-0.7486288225893223,0.8021695541542981,9.959805351620266,0.5300930371754393,8.947969094565982,11.109411450037292,0.10194079051163826,2.3882640832744695,-6.037113541135585,4.012817275425873,-0.431067367007846,2.036509602585859,-4.755139659854205,4.440643716009764,0.29347235589225645,1.7450240334723512,-2.740513178415772,4.422666057203066,Safe
0.047970280642298364,0.5083801694887764,-0.8009829059485842,1.0854713587489069,-0.067231070410057,0.6083548596517885,-1.5883519065980003,1.3776088718599508,9.963548752391876,0.570427822193489,8.947969094565982,11.113429581574886,0.6894932540297034,2.407112581504376,-6.037113541135585,4.012817275425873,-0.3891040040419111,1.9344282141200648,-3.958659389992804,4.615376455470902,-0.09991723336245248,1.8194264881004196,-3.934189125812308,2.9239856617366407,Safe
-0.12231371911072078,0.4241291862855908,-0.9375862348228724,0.8475255202153765,-0.19099362145383447,0.6121185967005695,-1.5883519065980003,1.3776088718599508,9.828510993777899,0.4481338332977717,8.893147116185283,11.113429581574886,0.2332808758276615,2.1252101882062937,-3.807518811289187,3.98824748146888,-0.30836570882966896,2.086651082124159,-5.2111535113770655,4.615376455470902,-0.08810320368872171,1.9601174902807985,-3.934189125812308,3.779627807787687,Safe
-0.07399452013369927,0.5091582601361532,-0.9375862348228724,0.9505953428765036,-0.17960235425293586,0.4754318551989601,-1.0451514494265783,0.7136526821446082,9.739476663477614,0.4332409265010418,8.848614113968832,10.671537358823125,-0.14078206047725678,1.46357047747859,-3.807518811289187,2.445615844266817,0.12949511230012606,2.3114439627475845,-5.2111535113770655,4.883577170659541,0.27173059235486086,2.0492872199847456,-2.816846768412017,4.329785178202915,Safe
-0.1135541768045754,0.4987689170588706,-1.0759077006646525,0.9505953428765036,-0.05512593140520298,0.415589622152191,-0.9570300352937336,0.7136526821446082,9.808350329386434,0.40240804156648446,8.848614113968832,10.671537358823125,-0.282122692235843,1.2905709379218524,-3.1472580442339693,3.410724713026168,0.5514538980944947,2.0664048651070552,-3.4714678738952545,4.883577170659541,0.10890003467698878,2.332593481675406,-4.019466733737435,4.329785178202915,Safe
-0.11150850435050302,0.3792976718395789,-1.0759077006646525,0.705466189873135,-0.00333991685819454,0.4002643400451181,-0.955658445831252,0.6754261653495027,9.84736954957926,0.3243238971118857,9.235146263551298,10.60648204801369,-0.4300774468692476,1.5953191653192005,-3.1472580442339693,3.410724713026168,0.7762185947003287,1.7465936222034344,-2.636552584059884,4.103018928171163,-0.1439406223604322,2.22621930133996,-4.294264199932064,4.0694983163051806,Safe
0.03320567807375528,0.42700799878116763,-0.9409245227488195,0.887655446304756,0.0533348700357837,0.5864416846566827,-1.312408528187056,1.274504854358861,9.770967943153652,0.4739410494880715,8.38498494534141,10.8112137338224,-0.3105067603018706,1.6540258958524432,-2.630876531774524,3.29070990454149,0.525537577366407,1.5935748780694374,-2.415549644848793,3.5640482254029453,0.33299517160475006,1.716353413806852,-4.294264199932064,4.0694983163051806,Safe
0.06877651922497367,0.5052841662540116,-0.8742659866190904,0.887655446304756,0.019592106615141897,0.6416059481375268,-1.312408528187056,1.5384301850902518,9.878878252291383,0.6819059253232072,8.38498494534141,11.242606011542982,0.11491368013887152,1.6495569395022773,-2.6739559162811086,2.943417796723781,0.5444010287703531,1.5869112446608957,-1.9783090359859732,3.082914389664507,0.18336500574814465,1.9931978547731741,-4.460260505829227,4.897624611480454,Safe
-0.020823121031824557,0.49571120038211464,-0.8742659866190904,0.8077914117741158,-0.004817611097184095,0.5266633697015575,-0.8423337886131934,1.5384301850902518,9.933985683831862,0.5986770797261433,8.982387643905284,11.242606011542982,0.06964139387594771,1.8576631429482906,-3.8991803454520655,2.943417796723781,0.29359536221855925,2.0084421193315416,-4.62771899121375,3.94504954609381,-0.27290503039939235,2.241243075604588,-4.460260505829227,4.897624611480454,Safe
0.020345915972941494,0.3948822277197639,-0.8417190961104751,0.8077914117741158,-0.08823778625601435,0.444585962734494,-0.84425259403425,0.8047603328879864,9.69249153970349,0.4675997362043717,8.842285020143098,10.475216172189407,-0.45926518814680306,1.7030620162092733,-3.8991803454520655,2.631643680032446,-0.27388498981999176,1.9040288207688407,-4.62771899121375,3.94504954609381,0.24604550500585173,1.769941765156374,-3.832601531995414,3.79114954645712,Safe
0.0060238584581871766,0.4605541619430629,-0.9005288670763695,1.115650073096316,-0.07872562862622429,0.44492541234940974,-0.84425259403425,0.6755570449933576,9.724447958352203,0.41520909383659593,8.842285020143098,10.475216172189407,-0.7683311534735328,1.3077865234670916,-3.410415215552033,1.1002569624357588,-0.32652399305269314,2.338621107020557,-5.823607889434531,4.038398505422529,0.46980638261164503,1.8140481063099836,-2.761142034893993,5.959709033474294,Safe
-0.03196222155803595,0.6567753956451525,-1.2651437613731649,1.3221716735085174,0.10267159146923814,0.49583336625151664,-1.0956269255826403,0.8318664160717367,9.89408279638214,0.3754169133524917,9.067697604040172,10.490084065414006,-0.5337485877979026,1.762344821406366,-3.410415215552033,3.701562284871467,-0.2981232008747324,2.717250428760592,-5.823607889434531,4.296478403915281,0.3204648295764294,1.8723147963750228,-2.761142034893993,5.959709033474294,Safe
0.04320143589841208,0.5664776424383462,-1.2651437613731649,1.3221716735085174,0.08722292055308273,0.49983176717609196,-1.0956269255826403,0.8740685345604177,9.906178494787278,0.5640392545259963,8.70071501702445,11.019388889656732,-0.12933095580395665,2.2210107395447083,-4.984779303166135,4.466231834264353,0.09429899015968554,2.785344589876205,-5.907646970801249,6.571447427363684,0.16689514878049977,1.690910912475371,-2.320673712200303,4.967531985175016,Safe
0.0810194011982022,0.5102277474381666,-1.0678371069893478,1.5688742668299969,0.05909803228453822,0.41928237432226423,-0.7000353615915046,0.8740685345604177,9.90239731136557,0.6124548126817532,8.70071501702445,11.019388889656732,-0.39102862612320916,2.287655676874173,-5.946612342585115,4.466231834264353,0.44011582176090197,2.5028594401210182,-5.907646970801249,6.571447427363684,0.04130375144272409,2.108066260891464,-3.9730542839550447,4.967531985175016,Safe
0.057072703902044115,0.5755433296273521,-1.47019431733214,1.5688742668299969,-0.033981174043940125,0.5199528626592536,-1.110210504467563,0.7643739252704542,9.87809012562337,0.5176231382057589,8.952145840680936,10.889560577301646,-0.08147738770624896,1.9604631965423462,-5.946612342585115,3.661487649662524,0.33181567914779697,1.5906000640436542,-2.8585337593422904,3.6591251926424784,-0.015298881450449556,1.9970020785756533,-3.9730542839550447,3.916263230603551,Safe
0.07779859271928953,0.44531378524321086,-1.47019431733214,0.5944566857373215,-0.01476414602822707,0.586470080490759,-1.110210504467563,1.1960548176369965,9.87799281229406,0.4361899168913397,8.952145840680936,10.754639397751998,0.29697238760330724,1.7463514574039667,-4.684956675330694,3.661487649662524,-0.21041551996119265,1.5604796133131498,-2.811719371730931,2.630096119048403,-0.3451294681357381,1.8009962836374742,-5.056490200627429,2.8940092351701203,Safe
0.01033351886901887,0.4057625231249863,-0.9468073334768928,0.5944566857373215,0.061538842907397945,0.5544984508003564,-1.0496781322095128,1.5564551005219205,10.029723025575356,0.4610423853289869,9.345536758769637,10.914927832874232,0.22687885642790287,1.6986996169733053,-4.684956675330694,3.330504467889391,0.09648620259344147,2.069779404387102,-2.811719371730931,4.961301835024286,0.076272628374612,2.0263109412319698,-5.056490200627429,4.260208532641918,Safe
-0.20853242230630162,0.4935166249185745,-1.5097560779104129,0.6803292979193255,0.045149491781587246,0.5844496230536886,-1.052374752859507,1.5564551005219205,9.865323133634865,0.6389645803970633,8.24074266688298,10.914927832874232,0.19250343257431607,1.5489639420737753,-3.2478356851399344,2.6159283850986874,0.1209175646193453,2.1318313940522455,-3.65632985585428,4.961301835024286,0.3939120699356525,1.549840270029495,-3.239379731033253,4.260208532641918,Safe
-0.05468094411347364,0.6106537120939112,-1.5097560779104129,1.3798300194555388,0.13927455179306375,0.5933329003448646,-1.052374752859507,1.1971809502912254,9.728500999215747,0.6601553420547678,8.24074266688298,10.93701905446056,-0.12275493967322491,1.7302337958484135,-3.335330532381724,3.196221791503518,0.07358708962008488,2.0180883363894777,-3.65632985585428,3.838562600288919,-0.01064218012319796,1.204852839964028,-3.20824202494065,2.303030291866002,Safe
0.032612427728314096,0.47448368203799085,-0.8845379524445591,1.3798300194555388,0.08324040160746822,0.5521882768078009,-1.0372431755081557,1.1971809502912254,9.743363190196366,0.528596842932505,8.997439370558737,10.93701905446056,0.1388697206948669,1.9668218812604237,-3.344809051624705,4.34238572212499,-0.10480056261117751,1.79458200022169,-3.432995154287732,3.2347173948901093,-0.16926693582032434,1.4718071409461426,-3.20824202494065,4.852171227706106,Safe
-0.053572652885927725,0.39795547019830424,-1.2194085791382143,0.71137406804997,-0.015798754621043052,0.4340347982154737,-1.0372431755081557,0.8037891531997552,9.722916822247806,0.3855595696482746,9.05847657032126,10.392205870267636,0.15225425400825043,2.0104544567238185,-3.5780247810028825,4.34238572212499,-0.4076609279990759,1.7635674361473663,-2.009409721413592,4.300621586662422,-0.09976266249918324,1.8041752672730174,-2.9270062066088123,4.852171227706106,Safe
-0.006845654050303797,0.4641254195549692,-1.2194085791382143,0.71137406804997,0.008644325601885201,0.40513451874367323,-0.7776868669206212,0.8037891531997552,9.817270990586337,0.43961579159847125,8.773822409152002,10.477114597086343,-0.1741481674278745,1.9974045988508276,-3.5780247810028825,3.461035903655917,0.08032713392876027,1.9711201711521071,-2.009409721413592,4.525137616670636,0.277706181183116,1.6807680108930185,-2.9270062066088123,3.878927099140248,Safe
-0.030762666677111337,0.46126145760969417,-1.148090476568619,0.7262337672353727,-0.024353189345895827,0.49356083327848577,-0.910380138901008,1.162336652926409,9.859502101345633,0.5156726091458577,8.773822409152002,11.128334570972797,-0.13367592059366132,2.050408433296831,-5.893808438568029,3.461035903655917,-0.10299029822087466,1.7046820166256609,-2.9824556627809256,4.525137616670636,-0.05919672587171625,2.1132298868276793,-5.515707259094736,2.685495206633532,Safe
-0.027872314182502023,0.4384485639038042,-0.7768793830080322,0.8213364766279817,-0.0076746663598272185,0.5091410007712642,-0.910380138901008,1.2696908113914307,9.637084385986494,0.5893786261934498,8.611958855834793,11.128334570972797,-0.3643239088387917,1.8131498184581214,-5.893808438568029,3.2094700245897063,-0.4387160032953214,2.2438020456407655,-5.100052583032693,4.555377852061862,-0.6543625540241893,2.4264899220386473,-5.515707259094736,4.392664469045045,Safe
-0.006156913505672991,0.5002620593593101,-1.2811668293976552,1.206307710806458,-0.0063111171436135965,0.4381852255328721,-0.79121398701182,1.2696908113914307,9.590241288670542,0.4948056777867218,8.611958855834793,10.380125276335605,0.0024942998383182444,1.6264549217549917,-3.749731311003422,2.1859182217933366,-0.44177609274204194,2.655047382561323,-5.359968971928938,4.555377852061862,-0.5413308587566537,2.139440470757529,-5.132238771864827,4.392664469045045,Safe
0.008521928161843429,0.4742045068195494,-1.2811668293976552,1.206307710806458,0.010107526345000555,0.3929651703354167,-0.79121398701182,0.8366819730762618,9.758299076933497,0.42551870215477794,9.001414054977229,10.726280620178006,0.15456568619443414,1.8861023901522382,-3.152617993542491,2.9413239813045786,-0.2758675842887317,2.2439988454074533,-5.359968971928938,4.286889637087296,0.22069149304826657,2.072258098273444,-5.132238771864827,4.680600431713959,Safe
-0.02549617061248627,0.4436138185438683,-0.8215944055770836,0.8307350828640091,0.08468954102464245,0.46473500668899054,-0.7911115833732388,1.4590867775300462,9.747294039054813,0.45101214564846515,9.001414054977229,10.726280620178006,-0.28072910503269466,2.177547471557443,-4.955012237258034,3.61133775623253,0.18387104380773558,2.1363809180574647,-4.78396377911228,4.786024589533573,0.6959462537445227,1.8936632719546969,-2.769193249454698,4.680600431713959,Safe
-0.037799374440537596,0.47072975299620046,-0.8215944055770836,0.8307350828640091,-0.022466097077050502,0.5001630841903135,-1.037320018773184,1.4590867775300462,9.864840186006846,0.5051274177009817,8.92593448364664,11.30640528503032,0.06917644996351534,2.363251491158361,-4.955012237258034,4.719228518200207,0.6666600515771297,2.2828543353470496,-3.862904578192443,4.786024589533573,0.1234048582774558,2.0389298319082645,-2.769193249454698,4.194254424746054,Safe
0.009053102314949563,0.5390908296684097,-1.1059309556647534,1.0447693608473867,-0.10435373664227882,0.4888011239496779,-1.037320018773184,0.900715049633244,9.935888058464116,0.5856455219986446,8.18924308733544,11.30640528503032,0.019508989555924734,2.4244952288064594,-6.7511582003552,4.719228518200207,0.11665609089593461,2.315542723775814,-3.9101722278362994,4.172528201616163,-0.18638220992131493,2.340212414287452,-4.8834139738049736,4.194254424746054,Safe
0.009334817296310392,0.5831719860015624,-1.1059309556647534,1.0447693608473867,-0.025568932059757233,0.5229381135174876,-0.9775243851591414,1.190856765866273,9.901353827023906,0.6482038353334727,7.891672225770316,10.913234489942337,-0.21857403783595347,2.1437084724332904,-6.7511582003552,3.554589536060907,-0.3023958045355638,1.947122471189324,-3.9101722278362994,3.1844501472975497,-0.04546179144999874,2.07821279496801,-4.8834139738049736,3.5968299583296384,Safe
0.039270339654747626,0.480304001889277,-0.7990621759418738,1.0498608945832577,-0.017473111939081003,0.4271048089695956,-0.9232865239022086,1.190856765866273,9.759598548974752,0.6116398490236311,7.891672225770316,10.913234489942337,0.4337933219606686,1.7009420616266375,-3.8257027066956586,3.554589536060907,0.17330482701589137,1.6902693274109433,-2.79868609557175,3.419526503329146,0.42825048472338545,1.8157440922469201,-2.6696536351769864,4.968288161490672,Safe
0.015581442469376032,0.4904701274426022,-0.9850519088559178,1.0498608945832577,0.06777842230003359,0.48143283633987993,-0.599475698996938,1.4678289511638891,9.71951712738559,0.5419599695737948,8.786281407114625,10.902865308361289,0.3863758022317,2.029015553803517,-5.534650845204796,5.429633878972643,0.5649233508485723,1.6955294894456354,-2.5000513111752083,3.60882165339685,0.7391296140567938,1.9021598269470603,-2.9262025024993976,4.968288161490672,Safe
-0.009927095765945594,0.527515142808411,-0.9850519088559178,0.9882202922577428,0.14592818623975756,0.5289688539506555,-0.7793934975119208,1.4678289511638891,9.87558633049279,0.598292970347054,8.787685498099366,11.498691459541323,0.07379996523651114,1.9969554675325112,-5.534650845204796,5.429633878972643,0.5587205016988949,1.6401440723895533,-3.491938064949964,3.60882165339685,0.4130939569857787,1.8711813113420623,-3.042865961828615,3.579581540616801,Safe
0.0029384049765658043,0.5273370904430719,-1.3021069283135671,0.9882202922577428,-0.006861422630582248,0.5218916142985462,-0.8135024604333744,1.034113020752912,9.835482510188173,0.5849275744900615,8.702088787489666,11.498691459541323,-0.18975910323142245,1.7070875767358027,-5.458808769847468,2.5945950678510914,0.7216010197357784,1.6933728000367663,-3.491938064949964,4.685714016574816,0.1672535671195945,1.7776073989292347,-3.616684108048468,3.579581540616801,Safe
-0.07280681828443741,0.4852274666576067,-1.3021069283135671,0.7555774651236737,-0.0728598344175967,0.5583503532437538,-0.8135024604333744,1.2939544867653423,9.780312274257833,0.5444415735280596,8.702088787489666,11.03993599251469,0.2597287914106044,2.042566501179647,-5.458808769847468,3.778564908500504,0.5599585063027028,1.9442430729813165,-4.186356044782318,4.685714016574816,0.33916686709192123,1.6687587597633387,-3.616684108048468,3.0582020133464947,Safe
-0.04697533962064737,0.46372344076466604,-0.8892937920032584,0.8694498318987894,0.0750786179329293,0.5596896337170506,-0.7480794065823249,1.2939544867653423,9.85154010742446,0.6306047322195643,8.338429217264133,11.03993599251469,0.7332377988952253,2.1548367020659027,-3.542845102887688,4.270642247951916,-0.2307757190142347,1.9524900271808219,-4.186356044782318,3.0161657002880413,0.2924982317879845,1.7091273290618485,-2.8179685999034696,3.4445347819740517,Safe
0.1448262722676728,0.5466575701736675,-0.8629033643952984,1.5549592780026804,0.09517552091336018,0.4343751904969938,-0.7480794065823249,0.809393819830434,9.931266624289325,0.6175309336872166,8.338429217264133,10.915344863007885,-0.5660138878058636,2.08089142898315,-4.35109755397514,4.270642247951916,-0.29976368319056934,2.060570639520807,-4.030443810864753,4.823280383577138,0.20783378227278188,2.093611661026195,-3.574277175168903,3.515653799003901,Safe
0.22599128297098456,0.4831322343664514,-0.751540150879909,1.5549592780026804,-0.013293047755172305,0.3477928326480627,-0.7550206059926261,0.6168621391680965,9.946023194629118,0.5723114252000366,8.80489167271697,11.159164417968544,-0.7392808585790481,1.5513279396816733,-4.35109755397514,3.207403710933861,-0.04462381151442075,2.1800734462334206,-5.630247379811699,4.823280383577138,0.5599668191023414,2.2847652115036414,-3.9843711326984272,4.519204055484956,Safe
0.08425146981226378,0.3844543548258133,-0.7589368733404047,0.8976056779561611,-0.07538893970062249,0.3643841539655224,-0.8734478456727774,0.6168621391680965,9.883183125678082,0.523500185041911,8.80489167271697,11.159164417968544,0.2074997604334547,1.9722085901958895,-2.849942343630824,6.755536482578724,-0.30962628442015844,2.1400405145305963,-5.630247379811699,3.526597600599138,0.7115829718289153,2.246882573759449,-3.9843711326984272,5.329228984002869,Safe
0.01754715917289833,0.4278234370238659,-1.0766714599356222,0.6059719926932002,-0.12150250677335475,0.4610190572657306,-1.1006217367254592,0.8374298364570324,9.890988123771539,0.5163508972630733,8.815026865089438,11.101786830083284,0.5294175688111457,1.9826582766665284,-2.849942343630824,6.755536482578724,-0.14167978792140498,2.0594524358502464,-5.234226234862422,2.9284025450471742,0.42058775768617185,2.055410010239222,-3.598713362432947,5.329228984002869,Safe
-0.06912321578253292,0.5259018093031823,-1.0766714599356222,0.7668638549582496,-0.13758549697659,0.5231634140564948,-1.1006217367254592,0.8374298364570324,9.89084826818033,0.5171321178055378,8.815026865089438,11.101786830083284,0.5012097243903159,1.7548130266797024,-2.6825194544734754,3.436879231205428,0.05634715348851287,1.9917098558215338,-3.651024217969419,3.7157003025813298,-0.2997597974994657,2.0482745107939238,-4.434567420507136,3.734462574361617,Safe
-0.10419676434070443,0.4684513471451101,-0.88811761644916,0.7668638549582496,-0.09373973541281168,0.562083717002128,-1.124716227100382,1.2859976587474844,9.789651725724683,0.4256833640078035,8.58964799261246,10.62321536730443,-0.20121915983753905,1.8944997101738983,-3.5919654691680467,3.436879231205428,0.5207290809328439,2.0919646643122842,-2.876853437550808,3.986767001164828,-0.43554869391077305,2.5230651093995036,-4.434567420507136,6.142673403212004,Safe
-0.15001144727085475,0.41144258036973586,-0.9230939311190468,0.7242496149464631,-0.11205970654377427,0.5782445104248001,-1.124716227100382,1.2859976587474844,9.788821475603887,0.46040391323602176,8.58964799261246,10.625064982437204,-0.6586733127169905,1.7448403572537192,-4.777062924955372,1.951673783247636,0.5303830215207812,1.8711773602242068,-2.2342835224092257,3.986767001164828,0.12568485301008891,2.328384451691435,-4.354472137793471,6.142673403212004,Safe
-0.0985658825515515,0.5015406458866235,-0.9230939311190468,0.8367260451492685,-0.13449079538798997,0.472265405066103,-1.088983866097344,0.6755078762435002,9.843379356422814,0.5223081683922847,8.627572313604244,10.836036655710968,-0.34534128541502795,1.7997954978044448,-4.777062924955372,3.060371247593121,-0.25751767035213136,1.5449587431899456,-2.593825226543965,2.9015989326174787,-0.33000515240986317,1.966474319185639,-5.04087694123813,3.443928576264351,Safe
0.07722305869563446,0.46027445228577846,-0.7655537512778611,0.8367260451492685,-0.1304727400464269,0.4306359476292283,-0.9879816499458098,0.575133697949148,9.763760504926102,0.4838311576868947,8.627572313604244,10.836036655710968,-0.4695428405982232,1.9025637487164064,-6.642229111178278,3.060371247593121,-0.3276257124292565,1.8161326515421334,-3.4835282247666046,4.005894168152572,-0.34649039355335404,2.0035420923620726,-5.04087694123813,3.016672196115458,Safe
0.03891120232044408,0.4302728224131221,-0.8032885503693397,0.8747919521027103,-0.11394519683884076,0.3911518026563669,-0.9879816499458098,0.5919937215984447,9.750410612334788,0.3479155179012286,8.920280537288285,10.509708963326942,-0.7455721348038514,1.8565978648903056,-6.642229111178278,2.552527975747109,0.06397421756328062,2.104412198813255,-3.4835282247666046,4.264292920287403,0.0858866184203339,2.3586745832960894,-3.900190320037518,6.193391027544107,Safe
-0.016701016390017576,0.40764723995627716,-0.8032885503693397,0.8747919521027103,-0.038736037224911334,0.4299810777691939,-0.7034717002565847,0.8840846465298917,9.799137125913676,0.4514928202450614,8.932247205647688,10.91480278802119,-0.33951636820812914,2.1906856283652476,-4.359577322780491,4.88251169053068,0.13291154814942194,1.9442819343459963,-4.392892523286198,4.264292920287403,-0.02281918541968429,2.327120378878707,-3.94144256369114,6.193391027544107,Safe
0.0376726301612879,0.42587682711572317,-0.6905223015768874,1.1819362473096804,-0.0037332049738948076,0.4652069031972448,-0.9836625321129971,0.8840846465298917,9.778504278941224,0.528878719459043,8.72898385003628,10.91480278802119,0.12238259970210777,2.320716133727888,-3.625455930146286,6.575522374777478,-0.22266394029246703,1.9192380907086393,-4.392892523286198,3.6449266859875817,-0.4802733703873304,1.7181698979161986,-3.94144256369114,2.4660782669018912,Safe
0.07938043569042622,0.5192615289841578,-0.9598365780988282,1.1819362473096804,0.04298543730837476,0.4573750204994406,-1.1921533943928728,0.9799186273723376,9.795186354679137,0.5629587478172814,8.72898385003628,10.917164971278298,-0.1799202480286432,2.1438746327478917,-4.76552470414613,6.575522374777478,-0.4090325073809247,2.0061137799294144,-3.903485218020899,3.6449266859875817,-0.4665378374898621,1.9254456397925832,-3.952432128780624,5.17454291169062,Safe
0.025104894585233326,0.4780251655955613,-0.9598365780988282,0.9962576765840592,0.03397363939453965,0.5368651323685539,-1.1921533943928728,1.0413301610548988,9.874468345514597,0.6121750623859287,8.920062445895917,11.062724452678449,0.07629359409675454,1.9267172173435967,-4.76552470414613,3.725738242800354,0.053967223836504125,2.0416608922652384,-4.416556039760185,4.63503246239371,0.054014226846049326,2.017061620884948,-3.952432128780624,5.17454291169062,Safe
-0.01848090090803889,0.509033881334579,-1.1096501863737676,1.4745472126543626,-0.06089502343626464,0.5518232581730526,-1.2658846581254068,1.0413301610548988,9.886348522412215,0.5037897116038856,8.920062445895917,11.062724452678449,0.6437846369403587,1.613545591705142,-2.789056875730953,3.725738242800354,0.24451529509564857,1.7948541516399708,-4.416556039760185,4.63503246239371,0.5080980661030403,1.6940100295861737,-3.645068687373203,3.6447856651027952,Safe
0.07239873596823757,0.5822475157559652,-1.1096501863737676,1.492629501301705,-0.054500961823347883,0.4689867497207563,-1.2658846581254068,0.657754145470052,9.78954415735094,0.4267890913924604,8.93761980619735,10.501597257664672,-0.08321732955826149,2.0797294632657337,-5.817321488961007,3.066025084498366,0.3934644970739262,1.4798016773707627,-2.336981784198534,2.6870930132441027,0.7031732332255528,1.7231736827950705,-4.094333770326943,3.6447856651027952,Safe
0.1213357754271794,0.5595522404107434,-0.6888087503771186,1.492629501301705,0.10859824472897431,0.5362258283026015,-0.8355848862470325,1.2504502489671407,9.827729451233221,0.4698948816510166,8.93761980619735,10.773142927427696,0.10562443131812434,2.2399645514585473,-5.817321488961007,3.1143217793973186,0.30352244944490064,1.7535872456359922,-3.0889098181671084,2.722074721865614,0.39370031515286197,2.000970903249507,-4.094333770326943,3.939313369902191,Safe
-0.05784907732810295,0.589950138435352,-1.3178738695084389,1.2133582431727612,0.09732503031967595,0.5306796458811813,-0.8355848862470325,1.2504502489671407,9.904861142089453,0.4895018990293808,8.6327585386517,10.88414843189348,0.6573832408753625,2.0208405661846065,-4.027649512562156,3.209869003507804,-0.3088307028055616,2.121886843474147,-3.364134567395571,3.2983826466689234,0.47800115955541406,2.150744576453762,-3.079251388411921,4.846212261227108,Safe
-0.021548900967579745,0.5896650590716349,-1.3178738695084389,1.3103965455149875,-0.08194622241075493,0.3878278754121374,-0.9786692945669948,0.543855213078933,9.823734818353595,0.5121961006486998,8.6327585386517,10.88414843189348,0.17836336994949836,1.7210502514842378,-4.027649512562156,3.209869003507804,-0.5506083633939027,1.9598453358323202,-3.823284421838086,3.2983826466689234,0.15655516021185825,2.2171365060986234,-3.223434131237708,4.846212261227108,Safe
0.09634025707153851,0.47471728809448943,-0.7242957073167721,1.3103965455149875,0.007273918902804988,0.5436595529774454,-1.3695701030687364,0.9501342121554824,9.789106816986894,0.5465123668730821,8.682104334452626,10.777930512840303,0.17016559433885411,1.5776834024235442,-2.3235026003528225,4.6660328365053765,-0.8788677386890211,1.9176973193801952,-6.659007595016258,2.4448043233010046,0.07129468019286982,2.0460660962264905,-4.544283311141214,4.121653127805318,Safe
-0.0800459896349905,0.49530395300734426,-1.1234446669923026,0.6374375206393611,0.06740560263239527,0.5105121473640376,-1.3695701030687364,0.9501342121554824,9.806978880152611,0.6214651143208151,8.555521410752462,11.102987587841948,-0.2229282591328631,2.1093705218513588,-3.711866574376873,5.046746662799116,-0.3306145244853431,2.5268607646961927,-6.659007595016258,4.199505095991978,-0.32125303215947854,2.0409888930966464,-5.253369511997224,3.992304639509851,Safe
-0.020529088927910347,0.5053476580016286,-1.1234446669923026,0.7279111610733833,-0.020977466661592212,0.47648682570629247,-1.2767747980279491,0.8832559001638168,9.857954043331164,0.5456793169950369,8.555521410752462,11.102987587841948,0.04388271915135332,2.265664470789623,-3.711866574376873,5.204959749748626,0.6455042101487959,2.582427470652799,-4.266368855256288,4.464692066371477,-0.22108966669873792,2.37086087614645,-5.253369511997224,5.486225744927491,Safe
0.16810590165692973,0.36646614811206574,-0.5688428352124083,0.8499786872881903,0.026568265250299317,0.49864054659608464,-1.2767747980279491,1.042356460615508,9.845273597025605,0.45883610027025806,9.061383802757916,10.60224718757853,0.8371334129426846,2.234372443087034,-3.6499554939222336,5.204959749748626,0.5727021256074474,2.2675077835991897,-3.7285396745129447,4.489364510860512,0.5672104855030253,2.4947267094286882,-3.900155853048761,5.781285980798275,Safe
0.0618148069021474,0.4536455994602685,-0.702783509589321,0.904653174866555,0.05586551596140061,0.5237065113768465,-1.41651514507137,1.042356460615508,9.767098033254294,0.5130199022301929,8.70854332339714,10.618522462260842,0.648734917278882,2.478611925051469,-5.933506137481461,5.016612546113127,-0.13501199189303223,2.7279673087893483,-6.500666952391412,4.836711507144902,0.6478783021374319,2.0951527949857107,-3.30586912474592,5.781285980798275,Safe
-0.038336260771719075,0.4680790042916952,-0.702783509589321,0.904653174866555,-0.022418071975841707,0.5677634214206272,-1.41651514507137,0.7840912147636631,9.836033334102545,0.5498774695776987,8.70854332339714,10.96297329298387,0.1769177523528289,2.2418900898040706,-5.933506137481461,3.3571479286975148,0.1674888178102363,2.7787024581968316,-6.500666952391412,4.836711507144902,0.6510288171275337,1.738578075542377,-2.9499013594206764,3.2201522463792984,Safe
-0.07978680549010089,0.4229856081733258,-0.9813128458362896,0.4451237504182543,-0.008228538341527014,0.5576010962622661,-0.8651313652421725,1.4121652955015231,9.919522401081215,0.5185802982405686,8.966360460179416,10.96297329298387,-0.326870014898903,2.16752787158227,-4.123046224224499,4.2101732786690045,0.4254733541862597,1.9067248278060434,-2.102083900573388,4.355108377361545,0.3551149212028764,1.8437904757950976,-3.021849123633988,3.376623622905764,Safe
-0.01604474869491913,0.4347330966607494,-0.9813128458362896,0.7156833909155917,-0.016191242680887938,0.5506145321439249,-0.8732333627895168,1.4121652955015231,9.931139577239163,0.5137141719438829,8.966360460179416,10.98281208094822,-0.435981172028916,2.44381095567368,-5.599928605187172,4.2101732786690045,-0.043741267606596884,1.8720011082162622,-3.9725812237408418,3.7816808400783306,-0.23111817079560054,1.9129705434433535,-4.160565234484904,3.376623622905764,Safe
0.1673570187260484,0.4560428618810798,-0.7677860616035529,1.0061352228503826,-0.05146531992723639,0.4751898048129178,-1.042896219452502,0.9493674906776194,9.930578105290932,0.5146595392098553,9.088399603107105,10.98281208094822,0.33089307234032533,2.2407054162995426,-5.599928605187172,4.003844918496722,0.16324135680267993,1.9813117389844062,-3.9725812237408418,3.303828673734756,0.03209480267049537,1.8947434081872256,-4.160565234484904,2.9148758987408723,Safe
0.18792675550589155,0.526105596732085,-1.050013253825812,1.0061352228503826,-0.09676706410972494,0.47575415731672216,-1.104140388114126,0.9493674906776194,9.944962736718775,0.47091185921308093,9.088399603107105,11.38888564152215,0.3987875245104531,1.9940981002099405,-3.3426645352695443,4.003844918496722,0.344186221004416,2.17445362416817,-5.6366085724043575,4.60817956709838,0.5742845932406434,1.8013260216040874,-3.837178847118606,3.39691740475113,Safe
0.15541888536222973,0.5727540202036698,-1.2647800388471515,0.9935305558497206,-0.1369656654170737,0.45009042028653007,-1.104140388114126,0.8610775489040974,9.888545106022656,0.5211171113777544,8.869782227968459,11.38888564152215,0.06325080856928342,2.036992490955431,-3.3426645352695443,4.891539138227368,-0.0707984352772736,2.2098053259014256,-5.6366085724043575,4.60817956709838,0.26661821828815147,2.1934814470187396,-4.518772515808372,4.044425125944172,Safe
0.09185444155315906,0.5007116473265018,-1.2647800388471515,0.9935305558497206,-0.08746738527977362,0.4029726004563681,-0.8845251518696994,0.7060134392716247,9.80655522039573,0.5059022767227803,8.832703497758363,10.835623471634731,0.19959882126453313,2.22003386882607,-6.067978724290538,4.891539138227368,-0.2791983933057269,2.0133927559173026,-4.837550934138841,2.5629907985068248,-0.012012424439061455,2.515213034946283,-5.512925594181422,4.044425125944172,Safe
-0.03679357825628782,0.3777032086098355,-0.7743091494318733,0.877737849157745,-0.06244693045192552,0.4144877498149527,-0.8116912649706217,0.9442184698071284,9.867486066688882,0.43729216085378003,8.832703497758363,10.594259492736278,-0.03835053588497419,2.172123806649708,-6.067978724290538,3.4566587611326667,-0.15873153448793295,2.2422273641427797,-4.837550934138841,3.9704530713427135,-0.07065790562836825,2.3055223700852943,-5.512925594181422,3.781459697188059,Safe
-0.13105918433813046,0.31809818965945347,-0.7743091494318733,0.4476777153812998,-0.003918875436709413,0.48774143669287356,-0.8736108334826278,1.0491107372733737,9.86079610791967,0.45015009113350724,9.12135225536395,10.594259492736278,-0.38348311353353914,1.8650532504254624,-3.850524425174971,3.2077321345357315,0.05697266548424678,1.9827778086889987,-4.671907237602872,3.9704530713427135,-0.15657535273431958,1.794855371304587,-3.3516803291036954,3.713344675835428,Safe
-0.11485615240866319,0.4155368202039106,-0.8929332459670556,1.3465168319902483,0.03419859152966743,0.5921162598424857,-1.2532857852683583,1.5491497170356288,9.753876323194893,0.488740496806278,8.752653200463133,10.438098719706842,-0.36063001357223873,2.0775016190750266,-3.732491869699179,3.458601732089513,-0.10356963486975056,1.5803963095101283,-4.14054708902679,2.4232792512983337,-0.19950718400182463,1.8566383024883693,-3.6908477696090713,4.254594827499137,Safe
-0.01702005141642431,0.519814994156796,-0.963836289672805,1.3465168319902483,-0.013022632375112106,0.6569054482899891,-1.2532857852683583,1.5491497170356288,9.763288586898524,0.44240855754434877,8.752653200463133,10.438098719706842,0.12803553331089051,2.041440892501782,-3.732491869699179,3.458601732089513,-0.3975093319764621,1.7850985133337784,-4.14054708902679,3.535857333679067,-0.1191605754135176,1.8578382225120706,-3.6908477696090713,4.254594827499137,Safe
0.020929313274961208,0.5199169184269493,-0.963836289672805,0.9162785217396008,-0.04886497179150034,0.5501413222883489,-1.2176561658914442,1.3515137822025418,9.811507180611615,0.38344442270617585,8.802968362881119,10.481360930675594,-0.016994318400702084,1.9191226047523358,-3.2074589500597908,3.36153142677638,0.08454652189559794,1.9075226357746755,-3.723026721318401,3.535857333679067,-0.43318260446796913,1.82340205459871,-5.107262031297196,2.255849971033655,Safe
0.03125612780069567,0.546861936529808,-0.8519357934133595,1.109390116724067,-0.12377194390000272,0.5536085050169133,-1.0619737913503324,1.463635046236665,9.792527353878873,0.38786286750725235,9.126900831165544,10.520092469390974,-0.24806973517385666,1.9909010447327373,-4.566477269230079,3.750450776966777,0.6046208237635001,1.5733751805323253,-2.980985731473787,3.1153585436444846,-0.43712692039487894,1.8972914064038122,-5.107262031297196,2.6764992615241514,Safe
0.023261797454586605,0.4957242743904872,-0.7583212747103956,1.109390116724067,-0.23673703805679797,0.5874405081659873,-1.1117870839685984,1.463635046236665,9.672843893290684,0.46783456639094034,8.80912991626187,10.744533251839131,0.046333428981238635,1.9339938897635376,-4.650840308279361,3.750450776966777,-0.005086126852760035,1.4815255967179957,-3.632533000267992,2.76684815711195,-0.286855360394031,1.9226259850202025,-4.087537403052993,3.5940330329959083,Safe
-0.08481291383481185,0.39908129777088863,-1.0435135093010344,0.6144902512445309,-0.21809159936358125,0.44359496641123497,-1.1117870839685984,0.6355326630035167,9.632937785512,0.49120992689751525,8.80912991626187,10.744533251839131,-0.19910007352315745,1.9052333765758178,-4.650840308279361,3.3512725876911245,0.1478252963310786,1.5404212003685418,-3.632533000267992,3.0757099026529637,-0.6042669483126579,2.1166411245076153,-5.056009178040981,3.5940330329959083,Safe
-0.21587887661401592,0.5187072138438706,-1.373752421362617,0.6941688891042239,-0.22048736818849096,0.5125495959784557,-1.2018343005502652,0.8361329520487638,9.713427431212684,0.44649836199774456,8.731777311497485,10.67899249256176,-0.3520794996100692,1.6292207106146828,-4.448768217217737,4.062317426146462,0.41611486378518375,1.69828485357678,-3.592395510669103,3.0757099026529637,-0.7102307646068122,2.3285668230713963,-5.9905337815992326,3.178893872209416,Safe
-0.10069694606251428,0.6837547341305423,-1.373752421362617,1.9631188532181636,-0.19067000846225646,0.6494456247924822,-1.449756939934241,0.8361329520487638,9.779826296943163,0.4589196449038528,8.731777311497485,10.832827273838578,-0.3647492474342371,1.9954854424069324,-4.538154545904803,5.16058379738155,-0.029649770518664485,1.8112875481743413,-3.592395510669103,2.602259704357145,-0.23692583140805484,2.026844772890734,-5.9905337815992326,3.0886669739424693,Safe
0.09135298184613755,0.5671391351506286,-1.0420564697492942,1.9631188532181636,-0.06354042438627978,0.5841977050688265,-1.449756939934241,0.8356737877187381,9.805590840338873,0.4713661184454312,8.95241001464829,10.832827273838578,-0.3676755552015026,1.9924615440873281,-4.538154545904803,5.16058379738155,0.050856941359217964,2.2510589966306886,-4.453523049914453,6.280845820204474,-0.10342802859909697,1.757936526231664,-3.731679510406872,3.959896736581197,Safe
0.11679117981900913,0.4101096660044232,-0.8197420812627171,0.9243044166482056,0.0439869162335884,0.5626980354282001,-1.157022033000053,1.1157494555138745,9.774423074379312,0.4661017187578198,8.95241001464829,10.930463278102897,0.24469852894798524,1.807936076086808,-2.629497720620846,4.879748933971003,0.1939268442653849,2.4671147523887917,-4.453523049914453,6.280845820204474,0.06535814507357908,1.983196878261244,-3.731679510406872,4.192322552101902,Safe
0.022208068132135925,0.5301678402024542,-1.4955679854503616,0.7890590287810922,0.004153769466147056,0.5655614103268769,-1.157022033000053,1.1157494555138745,9.802928740688062,0.4249368449634992,9.134354798650785,10.930463278102897,0.09106754618013654,2.5286700616989095,-5.987413205321245,4.879748933971003,0.289816119879841,1.936187792227112,-3.319811125010365,4.871970248458487,0.3513891498235921,1.7238072235547521,-2.307318702853137,4.192322552101902,Safe
-0.04825321176539297,0.543584654025086,-1.4955679854503616,0.8736815989577791,0.060590175582321465,0.5129144193288753,-0.8333817033945988,1.052648714729156,9.844611082588195,0.4065001083385228,9.037471796296783,10.730907804693304,-0.3609661478612666,2.4958946588404856,-5.987413205321245,4.03555162635013,0.3882935698763817,1.608724631835056,-2.553236400489322,5.396080913634853,-0.21522425857519345,1.9773954148568404,-4.154319318601655,3.1194838945679275,Safe
0.00613490127303203,0.5281227093801305,-0.9561274877098884,0.993637999615404,0.2188602592312525,0.5228349213241685,-1.076865286895731,1.052648714729156,9.901650952328074,0.3915529300094786,9.037471796296783,10.556476311376914,-0.6337540622940286,2.231217943422043,-5.415131387344216,4.473942154123259,0.17625955933076398,2.00067688794555,-3.3079191192326287,5.648334018805459,0.11975731404228299,2.1648103124113938,-4.154319318601655,4.036193465670974,Safe
0.038491210510769557,0.5190356815967511,-0.9561274877098884,1.2058383377892106,0.10445388204055574,0.4840976646933382,-1.076865286895731,0.9956852092084524,9.956955029589968,0.4597442253061764,8.903353263991422,10.643331629613762,-0.3870684331405719,2.2965454507612564,-5.04691472502494,5.092109071885584,0.31329696398158047,2.044578578771627,-3.3079191192326287,5.648334018805459,0.6832822861409054,1.8013739012553986,-2.617556608971912,4.036193465670974,Safe
-0.02903233957448267,1.1617620143844718,-2.20979365120375,2.538924971475581,0.23129531095457148,1.2220725042083118,-3.0552060775457632,3.01335905722801,10.133734800823557,1.000747310424842,8.685877679192528,12.047296396631998,1.1006541047338845,5.54158901806659,-12.88442560996832,9.312275177986448,-2.827554408888039,8.749774799272044,-24.7458053995613,8.777862285314853,1.4075246219118296,9.436458170845153,-16.818282951285735,15.087130243429115,Moderate Risk
-0.2091966584144133,1.2495984571809329,-2.74210139360322,2.538924971475581,0.006527428495173789,1.1422022086193049,-3.0552060775457632,2.005991323978334,9.838125661334766,1.0898599913651752,7.2185199868288095,11.847611621863503,2.0624511147113376,6.373428818606693,-12.88442560996832,12.545173644574056,-0.1961397268793522,7.30896984646776,-19.111792594821896,13.913121165992822,1.3370761339910302,9.699205954101263,-16.818282951285735,14.861806631587047,Moderate Risk
-0.1403969292137794,1.245514639138057,-2.74210139360322,1.6316871060444222,-0.1170179820427992,1.2407765767819008,-3.330226153329723,2.3230968608668947,9.612977554904992,1.0201331350916536,7.2185199868288095,11.559444681541772,-1.9175596697331094,8.840683975683277,-20.502142894889584,12.545173644574056,-1.1724498238536112,7.164210132978145,-17.149489831428316,13.913121165992822,0.2599849180382482,7.442110482399914,-14.27355817624542,12.465330840103569,Moderate Risk
0.07013309177343954,0.962280172313885,-2.234655991738617,1.6316871060444222,0.21705441688013374,1.4368309922162599,-3.330226153329723,2.907066689515133,9.83240889647014,1.3274107861204165,7.179620562311763,12.914929474532949,-6.067593455774835,8.225654829089988,-23.533027774110103,13.055928056901031,0.7617008213160384,7.593724210410538,-17.149489831428316,18.28118857774164,0.8519336338053914,7.529138475337108,-14.27355817624542,15.950952724069802,Moderate Risk
0.010736393787479264,0.8457149413460499,-2.1729594939836168,1.4523886199298637,0.45048533516061967,1.318838603489606,-2.776996779206962,2.907066689515133,9.898902963756049,1.4740241809089312,7.179620562311763,12.914929474532949,-2.289344449198735,8.581409573195,-23.533027774110103,14.509384670361632,0.5300506903846327,7.155737178933327,-14.357533271327016,18.28118857774164,1.2625650410042237,9.458778125030724,-12.143162903737531,24.021219879293497,Moderate Risk
-0.013576133175293619,1.6489495194091517,-4.3573076942026105,3.1872703831957865,0.190571302907778,1.3956499491144954,-2.776996779206962,2.570379168177523,9.543074278672442,1.3017977731186343,7.1497467871973335,11.823822454678693,1.3513656765585513,8.498123843028662,-24.445671593153605,17.593521187157528,-1.7344721674578076,7.325715875366409,-17.208421461775096,10.248620357731957,2.8915958594958684,12.212822782645329,-21.247307726086337,27.865532050320187,Moderate Risk
0.015766412478686858,1.872094590938459,-4.3573076942026105,3.1872703831957865,0.08944797391547278,1.4168404946908817,-2.226300647463196,2.940546880957801,9.720480157572498,1.1171752641218837,7.1497467871973335,11.725327818375508,-0.1716720732875464,9.062290141108155,-24.445671593153605,17.593521187157528,-0.07124634710809483,7.619797470828173,-17.208421461775096,15.943856958755932,2.583510289997959,10.953171785645532,-21.247307726086337,27.865532050320187,Moderate Risk
0.2191590331395449,1.4126588552934611,-3.61262701957622,3.3864002998060783,0.008987280691753096,1.1724375150529887,-2.226300647463196,2.940546880957801,10.077412756249428,0.9745368200182256,7.697136824101625,11.725327818375508,-1.9551477172561524,8.899395936954498,-21.074545984071435,16.40752303838479,1.7196002878895151,7.6923510261900985,-13.59983845299477,15.943856958755932,0.8298491293642982,6.575277737007217,-11.723932438344235,14.361462105008146,Moderate Risk
0.5881684765967179,1.2848373915824958,-1.7523430872705743,3.3864002998060783,-0.2288305156341536,1.0417575700918693,-2.1725074580764336,1.8390397087311317,10.075768020779925,0.9666632254957359,7.697136824101625,11.626249722722756,-2.2223467840691415,9.752758305196991,-23.25419239036652,16.396058545468293,0.9176779975545502,9.076363659720942,-17.29446291050741,15.293185467888808,1.1020156044972012,7.276028897908164,-18.17291027182929,15.803660217263008,Moderate Risk
0.10134363583723148,1.468013210969192,-2.6185215530411545,3.1072676608668583,-0.3011397453483475,1.1149046481230083,-2.271565292306168,2.1406970378197783,10.176552895661528,0.7769998283141953,8.600792322254687,11.46482788916555,-2.4062838516547824,8.170707961162481,-23.25419239036652,14.081288601242484,1.1179001257057766,8.747322245439632,-17.29446291050741,14.706444129212048,0.5028924907598166,7.821831538951054,-18.17291027182929,15.803660217263008,Moderate Risk
0.07260637743144895,1.3533835648790404,-2.6185215530411545,2.533935862101567,0.012763864871136444,1.1366543380094636,-2.271565292306168,2.1406970378197783,10.08372256394482,1.187329592994485,7.8498751063216705,13.455937936346194,-1.4994395572857357,5.397880881868811,-11.355805748822426,10.393795394770354,2.323755975075369,7.4313442821620965,-13.818075927511265,21.65175658791006,-0.1107769710513539,7.138547423458138,-14.876357070043571,13.31110457926776,Moderate Risk
0.28692631375803757,0.9770907418640883,-1.3201163550933672,2.533935862101567,0.4763572781844039,1.0394172054871804,-1.4979297072356716,1.9948951173867084,10.109996749136902,1.2403922596532624,7.8498751063216705,13.455937936346194,-1.349134027013308,7.013581605867577,-14.191799437152808,15.46555377214112,1.2847645862331476,6.913631291080137,-13.818075927511265,21.65175658791006,-0.476333183553111,8.151673525577083,-14.876357070043571,12.76832827618419,Moderate Risk
0.014307297152510327,0.8639575857727333,-1.7616259785208217,1.7684850936914027,0.10729737061735452,1.286216907379155,-2.111942311286556,2.297885405974086,9.680559913103028,1.0403143290382593,7.9166961266397635,11.734043390408852,-1.5261426571378924,8.5936686261634,-16.72683837850492,15.46555377214112,0.11899176526879925,6.942002537881642,-21.25419196091198,8.54343281504061,-0.7214442180944302,7.632209602417859,-14.09978136606928,12.502586125150003,Moderate Risk
-0.012919846519149342,1.3127183028567866,-4.003081859362915,1.7684850936914027,-0.17366499048652614,1.275461297318504,-2.111942311286556,2.299745185219624,9.25621828849804,0.9139751922872769,7.524322537651207,10.654324641694483,0.06959753064166486,7.640875450903787,-16.72683837850492,13.466986744060266,-0.20380402183809257,9.77467236507647,-28.26254550143119,17.055869196004938,-0.5341912752689584,6.916953085321386,-16.057985792510475,12.464790282671515,Moderate Risk
0.056026811535852775,1.419564095355709,-4.003081859362915,2.116084855102226,-0.012888641934930773,1.0521347154659628,-1.9472478848926424,2.299745185219624,9.383385482060296,1.1383050783430406,7.472611520278864,12.06816219916818,0.947051936335657,7.0859758259916354,-14.217707660646422,13.466986744060266,0.7781653906050278,9.700526108425292,-28.26254550143119,17.055869196004938,-1.2828077338402075,7.864863108696857,-16.057985792510475,15.400606638904712,Moderate Risk
-0.1465798663327832,1.0923124268653417,-1.825730510478582,2.116084855102226,-0.22064140384063685,0.9614833055517207,-1.8736115797198665,2.3064443275278563,9.569639936623695,1.1857192778651722,7.472611520278864,12.06816219916818,-0.4813680995205748,7.5457708361939595,-14.838291611686683,13.115364388051228,-0.46849751019666874,8.25490724535093,-19.71739587735417,14.877179948828909,1.447520408318001,8.140984586099945,-14.59326532319168,15.400606638904712,Moderate Risk
-0.1438636769470574,1.1974504800787038,-2.817682076520992,2.67378532001958,-0.13090950832136786,1.0491869159258957,-1.8736115797198665,2.3064443275278563,9.824172258225556,1.116388951201173,7.955035588409261,11.925782537579977,-1.684021559889712,8.541590873592064,-20.040276715852176,14.46930422661439,-2.0902039832074903,7.763097743196246,-17.91861624462375,14.877179948828909,3.359578323019138,6.439853816118301,-9.698377068977448,17.97070038092364,Moderate Risk
-0.03284353770051022,1.4435645973205757,-2.817682076520992,2.687958230677737,0.033504754891786837,0.9608563509421261,-1.822794195908643,1.978095129233384,9.68948741312669,1.212436225168653,7.948659529681045,12.769905611209868,-0.017519339942791232,9.776815302625556,-20.040276715852176,18.24799470459887,-0.9980016752080275,6.442172920870317,-17.91861624462375,13.794225993354122,3.9485389696296576,6.516765899899414,-8.55892646128736,18.412141416563344,Moderate Risk
0.00025481480307496527,1.244083765373178,-2.785782410493094,2.687958230677737,0.047680560376156075,0.9131766643022824,-1.822794195908643,2.948405331900616,9.561676956537688,1.2336485820645104,7.436323029757393,12.769905611209868,0.5046495179311523,8.721976392573152,-13.938071755840165,18.24799470459887,-0.03271382275966482,6.395010442167964,-16.208187587812073,13.794225993354122,4.941044657845276,8.434727357263874,-12.73705867310386,18.412141416563344,Moderate Risk
0.08144514592526998,0.9398946152124396,-1.5917217927695957,2.0950843586227434,-0.0809983870200401,1.1710266509113054,-1.7380271015499646,2.948405331900616,9.857860507094086,1.1066553289865215,7.436323029757393,12.421144994202583,0.14452514584454398,7.7508190194324955,-16.623690065377097,11.20731820935437,0.4170908574913704,6.791094953108385,-16.208187587812073,17.212328509560045,1.7398445099672764,10.020076274918022,-14.371562239276916,20.73173496983302,Moderate Risk
0.07638468871358758,1.0225598066070687,-1.5830063493985485,2.781722712556562,-0.2665278433548774,1.1697883075629962,-2.821389855734604,2.4073261169008844,9.812236094718463,1.0728112137301242,6.894848438791814,11.708257349709903,0.5105705403016993,7.416458566371036,-16.623690065377097,11.037881688692568,1.0301340987602263,6.930423371880056,-8.827238287826068,17.212328509560045,1.4667400709732568,9.45450431530787,-14.371562239276916,29.8226667581055,Moderate Risk
0.16949419902254234,1.2259769494241832,-2.132716558427576,2.781722712556562,0.021617650755863704,1.3709869790219351,-2.821389855734604,2.906346576642292,9.790464052183637,1.15060532251315,6.894848438791814,13.250528180625569,0.49823318991585047,7.182904140718533,-11.597987606843628,16.17739887062884,0.6804701243568385,8.544827301040296,-15.890765964088995,14.98732098889721,0.5030436764825226,9.369544776573353,-12.288637416305814,29.8226667581055,Moderate Risk
0.2561166660043259,1.3112880154126583,-2.132716558427576,2.6063918513931497,0.12368116757157403,1.4082842077834634,-2.54933417171203,2.906346576642292,9.87561495123553,1.2404345909684125,7.932803608261088,13.250528180625569,-1.241167449817193,8.881113650821641,-19.974384936952696,16.17739887062884,1.7463729346164765,9.629720200163158,-15.890765964088995,21.558578657564084,-1.256996290557945,8.875241195823245,-15.446282888237295,15.655233403886882,Moderate Risk
0.291540134269416,1.3247769161449212,-2.1058450218507017,3.5966379500629664,0.15124402727064576,1.2315255613269114,-2.2219883564160674,2.6289426170528407,9.638542892624782,1.3044889376173026,7.455084584725737,12.570036822173345,-1.2667298978998836,8.3846736347689,-19.974384936952696,14.64013028892119,2.623872038639092,7.887398160054576,-8.53104456509475,21.558578657564084,-0.17086614818279883,8.060876062735737,-15.446282888237295,15.655233403886882,Moderate Risk
-0.09416070365934165,1.2407153237595947,-2.4143776388468434,3.5966379500629664,0.37238965969012855,1.2142913790565253,-2.2219883564160674,2.6289426170528407,9.714719440578728,1.3108831010254949,6.789605337346179,11.658026623109231,0.3664017538693146,6.383403561767618,-11.11900586243492,11.69657505335014,1.5151092276208578,6.229321977548498,-10.416021293613417,16.8687230668574,-0.581373410662346,6.931684935654191,-12.254240312739316,14.468874480057108,Moderate Risk
-0.3020513057727522,1.1233842321169145,-2.4143776388468434,1.590316323752866,0.0885405033214675,1.3895557563235066,-2.711245060598037,2.604113990251512,10.072052616470526,1.2104976696670324,6.789605337346179,11.757451181365452,-1.383525813549338,7.524730595093883,-18.08480237542064,11.88930915972126,-0.4814565554962165,6.862753666855372,-12.454086928937802,16.8687230668574,-0.591716048697835,6.926854486027574,-12.254240312739316,18.450506519811896,Moderate Risk
-0.03443748459736134,1.4993347951995672,-3.571238968811429,3.416411506749169,-0.03291862053032193,1.4801476958766107,-2.771962320526128,2.604113990251512,9.896332916422551,1.2016993049314197,7.185804754474238,11.757451181365452,-1.593125624290999,6.583619796247661,-18.08480237542064,11.88930915972126,-0.5852661853761497,6.568846028603396,-12.454086928937802,8.807687586901034,1.2653196758107597,6.761015761118856,-8.493523394464255,18.450506519811896,Moderate Risk
0.1093262839194435,1.375675944510865,-3.571238968811429,3.416411506749169,-0.16282567365177653,1.4113729470862881,-3.855544332618027,1.9603017988908693,9.610961247319898,1.3045945766510847,6.813804010534891,11.279669426291708,0.149641704587568,7.515370518116193,-18.102479701526335,16.313616357779587,-0.33837697968458524,7.4791653685939306,-11.946857511054205,21.29487555259713,1.215813024403635,7.574752416278592,-13.265574799965885,14.449876306772088,Moderate Risk
0.034483933433545264,1.040697196837804,-3.03099802296553,2.112753641549391,0.08262020948244647,1.3205076372023925,-3.855544332618027,2.265061620307016,9.68034614938255,1.1490063324803592,6.813804010534891,11.209607653873505,1.3092009809237124,9.130409904562923,-18.102479701526335,21.674213187768288,-1.756803228776945,8.85299605586842,-19.82322807280489,21.29487555259713,-1.5663829193010315,8.548926943601508,-20.779476129750005,14.449876306772088,Moderate Risk
0.19155292560559978,1.1487666212316825,-3.03099802296553,2.519099423106108,0.04316540623054574,1.1302457977400953,-1.934829157110448,2.265061620307016,9.700464411972733,0.8248494142066909,8.318961462332753,11.26955266211674,2.79015570440228,9.65736941889389,-16.71386779074703,21.674213187768288,-0.10192602799402471,8.555070274479387,-19.82322807280489,20.87959536758282,-2.1791373278763695,8.323756471899014,-20.779476129750005,12.52132678536042,Moderate Risk
0.17055374807924087,1.0922885132594031,-2.3983266798666083,2.519099423106108,-0.2730632645392164,1.080401830861764,-2.124929307109267,1.7530841113734408,9.793493660981653,0.9579922496939497,8.025937836113723,11.609928111043574,0.6731322457998558,9.390241074849282,-16.71386779074703,20.535529900235808,0.4434229450286956,7.928067443112115,-16.690719252742575,16.319870577348205,-0.17452736679616576,8.276793092815009,-20.38085338129642,17.82778315362063,Moderate Risk
-0.060108883986042506,1.1951979348008162,-2.413789590554184,2.1653387663845494,-0.06250354682696849,1.150589248919447,-2.124929307109267,1.7530841113734408,9.692068062547735,1.1905721178626885,7.314494256849078,11.850929745049111,0.27707416812945634,9.57249927107833,-13.909693764244212,25.058609206467693,1.252613456600628,8.315498618816168,-16.690719252742575,25.26458740948499,2.059395950780382,7.834422178380004,-13.115902999389132,19.49843699208136,Moderate Risk
0.00429840883305815,1.2250956748676178,-2.413789590554184,2.2255945606315017,0.1316197957640793,1.043753010985455,-2.0094835508086883,1.658902356008584,9.83555877498989,1.2484371500207443,7.314494256849078,12.914698962485383,-0.4357542604737715,10.63274334767681,-17.728965175615105,25.058609206467693,1.6951922037640494,8.830042509620375,-23.297280197166117,25.26458740948499,1.8568354098567588,7.919487743764079,-16.126169609261094,19.49843699208136,Moderate Risk
0.14523878525378686,0.9178911957089604,-1.8722903730644609,2.2255945606315017,0.11713403202300918,1.0019117214707978,-1.5866075479680102,1.7315280814055172,9.744744801002193,1.3853864970799632,7.765402397800539,12.914698962485383,-0.7800860818515971,8.423323168336381,-17.728965175615105,16.20956781755174,0.9030590857485467,9.497187654948291,-23.297280197166117,22.007588268173308,1.7154583762036826,8.677151450845795,-18.674249671066622,19.39519992531504,Moderate Risk
-0.13415732512406878,1.0440555562044616,-2.035749785335765,1.5425843396507823,-0.01795228347781438,1.1033094989413035,-2.113898912705578,1.7630561276723873,9.517157377599084,1.3145120191242317,7.480298319736029,12.134015714742915,1.959012304470286,7.877485878280273,-16.111986572676056,16.20956781755174,0.07744408251973445,9.318151998141687,-20.68522579851584,22.007588268173308,1.1301095366430318,8.490756201431243,-18.674249671066622,19.39519992531504,Moderate Risk
-0.05763432448856368,1.2820003024421753,-2.035749785335765,2.6534915403390738,-0.06843992957056934,1.0684087526592818,-2.113898912705578,1.7630561276723873,9.830711443919514,0.9504570201286029,7.480298319736029,12.004691558924614,-0.2805390484306291,9.364745412472356,-16.111986572676056,23.69026957561081,-0.2881630803483677,8.172263911836621,-20.68522579851584,16.09192890071137,1.0093277629229944,8.450833708471935,-17.166656041367084,13.285976145269574,Moderate Risk
0.12923975348807085,1.2086022990385783,-2.1910813129351268,3.0236491747744494,-0.19958550152906854,1.1676941715408158,-2.0266820022764747,1.807555097864587,9.987395240962911,0.8420131188024964,7.6705499804744015,11.695063768794032,-1.0640339755366794,9.006867412419913,-22.526483955818357,23.69026957561081,2.06543085003199,8.490983833104421,-10.969551969332722,26.7856574843118,0.5033967532188491,8.36620616286616,-17.166656041367084,13.285976145269574,Moderate Risk
0.05584247518478199,1.127158850334725,-2.1910813129351268,3.0236491747744494,-0.030824874429281765,1.2400676346919615,-2.0266820022764747,2.8687777612030185,10.25930090368782,0.8929634480254447,7.6705499804744015,12.121112784602714,1.1153799892640264,8.481673461003744,-22.526483955818357,18.13191723985353,1.5855322418485265,8.657072079146413,-19.08443314452659,26.7856574843118,-3.1159702360364863,6.609836932213796,-20.879194913465856,8.397496152073563,Moderate Risk
0.013292386874222236,1.2283697537192364,-2.293159122710646,2.650017917207845,0.09467998432074201,1.1600143845429522,-2.3904780777856467,2.8687777612030185,10.078083798919275,1.0260407952296826,7.694751611950076,12.272874590545449,1.6976560189594392,7.975111747682937,-14.44506633298036,18.13191723985353,0.987374354156227,7.236382317250573,-19.08443314452659,16.044744508947172,-1.7569789266269056,6.696661562166204,-20.879194913465856,13.90544892061072,Moderate Risk
-0.12441096517584341,1.3174370565708893,-2.293159122710646,2.780824518737833,0.15116325317543955,1.1415979838154813,-2.3904780777856467,2.2248285605263223,9.767389823147555,1.3368490396228234,5.615945733013674,12.272874590545449,0.5414968893671802,8.56331378709392,-15.83857092480548,13.512745048619117,-1.6955122386822314,8.521496852264445,-22.35880350721793,16.044744508947172,1.5390200705863744,8.502215810741022,-12.263537256782625,20.336271837724837,Moderate Risk
-0.24934683589564685,1.3598496815487529,-3.2897873153728523,2.780824518737833,0.32503131597294116,1.2473944992103463,-1.8292308842366125,4.3336200753788034,9.95167879238869,1.2852212363913766,5.615945733013674,11.912908804699248,0.4113257362955649,8.311084603990604,-15.83857092480548,13.686789249970964,-0.21641103641043533,9.517000180181533,-22.35880350721793,19.702991721353214,-0.9075169337211525,11.187749008731027,-23.635124792645755,20.336271837724837,Moderate Risk
-0.17598630493247203,1.2020659688904698,-3.2897873153728523,2.3248610894152613,0.23952577433386252,1.3492060516759454,-1.7884197689529568,4.3336200753788034,9.658270603156991,1.088052187172609,7.764101903125242,11.504483316971136,0.5367234779825307,7.521303520581057,-18.791728574834472,13.686789249970964,4.587122653049749,8.440397755716525,-10.952734877249735,19.702991721353214,-0.5008328386058314,9.939323189836912,-23.635124792645755,14.979360838670122,Moderate Risk
0.12330100766441318,1.0028925117866796,-1.4399946961123715,3.525825680586924,0.05717363155073421,1.2062110886425716,-2.122302803896177,2.817622210384651,9.377319508748542,1.0706985523167618,7.764101903125242,11.744868746589072,-2.703227078997812,8.998779625024918,-19.077956937351885,15.53903741718934,2.2359948391264948,10.273724574339814,-16.468208710665984,18.77628758357037,2.2451352166757443,7.998332648174948,-10.652098392897734,19.3880489877346,Moderate Risk
-0.05403817859843523,1.2223656016464444,-2.2297500164803097,3.525825680586924,-0.08962813116533977,1.0572941590102272,-2.122302803896177,2.817622210384651,9.390518958107787,0.9772010195262685,8.055137121759131,11.744868746589072,-4.008976435089703,8.473306811650172,-19.077956937351885,15.53903741718934,-1.713110373119474,9.26036014437528,-16.468208710665984,17.74917522869486,-1.1676410087675226,10.61015040473875,-27.48849911734418,19.3880489877346,Moderate Risk
-0.1867582667182855,1.0003816494014517,-2.2297500164803097,1.5385300697118145,-0.2448870323533892,1.1544631880153944,-2.6930178506017466,2.0806597660543296,9.568658684704092,1.14831103210976,6.2212782621545575,11.95203574993613,-0.8338793801425333,8.273013915129173,-18.809791530786555,15.133495193428043,-1.8659271701477074,7.090219828153506,-14.284018154441926,17.20310714254309,-1.219764162423589,10.80066133300517,-27.48849911734418,16.691518256223166,Moderate Risk
-0.2161455785414915,0.9013640599030278,-1.9137910258809847,1.5752688831271937,0.11935329804236972,1.5373045890804469,-2.6930178506017466,3.004363970745999,9.791712678789867,1.2289876524079875,6.2212782621545575,11.95203574993613,-0.3069622780420114,7.248037266026049,-16.41970166060978,15.133495193428043,2.445979458215513,8.201105707750147,-12.39180169262343,21.06706852321315,1.2963732652503117,8.993849395489297,-15.200303396366383,16.691518256223166,Moderate Risk
-0.06041852390246579,1.3361291379270173,-2.023836071628404,2.6481392695381203,0.24970560169291345,1.4548088057243553,-2.648623821521177,3.004363970745999,9.575646741176296,1.3317197956856008,7.533147203372621,12.751950446203566,1.0365505219172975,8.132161939797047,-11.58466566515192,17.832349796190503,1.8900493562989367,10.312739730760653,-18.83721030075093,21.06706852321315,1.4421928230688474,7.929493258732975,-14.400454494238764,13.08503600620225,Moderate Risk
-0.11534768406089162,1.406677290823874,-2.292305017537261,2.6481392695381203,0.15583122246562406,1.1109150065271245,-1.791903517237918,2.8033753195195485,9.573800575631429,1.2590688748128518,7.588369550412097,12.751950446203566,1.1345088672633266,8.418718490568011,-13.264906036626376,17.832349796190503,-0.9180155081239959,9.136696909606082,-18.83721030075093,18.540752078173536,0.7063984850302402,8.3372397448672,-18.855493567171788,12.188775336819702,Moderate Risk
-0.16209540331020952,1.3168760037464564,-2.9149348045999752,1.9709030951139863,0.2551239342890569,1.1553999768248548,-1.9944328536126417,2.200589674799969,9.592588860972905,0.9184994155871165,7.893652709160994,11.384311890397502,-0.9509160532809041,6.7379825634236585,-13.73354987172348,13.298933356883875,-1.5770101391071658,8.046088577557398,-26.71485330082868,12.044057188393577,-1.0754479072969023,8.173267408242824,-18.855493567171788,11.103945621680772,Moderate Risk
-0.028916374765124164,1.2115679001442865,-2.9149348045999752,1.9709030951139863,0.013926115823938228,1.2774761527309715,-2.1785782959831743,2.200589674799969,9.748795357834052,0.9469854854404922,7.986583994110699,11.117241946750044,0.31640047130063775,7.588046540127972,-13.73354987172348,15.54046071228314,-1.520547047565308,7.860126117672195,-26.71485330082868,11.195533433631224,-0.5651842712600372,8.395194938497216,-15.40692220032136,19.370736933374115,Moderate Risk
-0.2278365764336611,0.9470394687603336,-1.9848426003128428,1.4927303099593494,-0.044598849773166374,1.133603597760905,-2.1785782959831743,2.106100326913844,9.908117769298562,0.8543035700094234,8.527355894714091,11.231706604093269,1.0128408246016365,6.8314045724002845,-10.764041171236084,15.54046071228314,0.08052213895174051,7.444809246960878,-18.921146348043308,13.35420077778612,-0.8965348796964456,9.041358216476743,-19.659202143630782,19.370736933374115,Moderate Risk
0.24545397774286798,1.0549143441851176,-1.2940369965538383,1.995247219204196,-0.056396667134695204,1.0743326463394758,-1.5120094771827066,2.106100326913844,9.775311343241011,0.656610674376029,8.485362971745431,11.231706604093269,2.3846519748549135,7.118293959226709,-10.147672967382167,22.115591982283096,0.262597576386722,7.358628860565346,-18.921146348043308,13.35420077778612,-1.3755421577500462,8.759357866783105,-19.659202143630782,13.180440243150564,Moderate Risk
0.39676517667050476,1.197405432445475,-1.9977468017193156,1.995247219204196,-0.2379659436381723,1.1084789987568784,-2.205729078070608,1.6064135690796653,9.825732029310927,0.8302034994725049,7.872998082593178,11.378442518345851,2.0852567554505455,7.770828638707971,-12.80989057293572,22.115591982283096,0.23345796327904206,6.870813963924944,-16.478431780967032,13.777858484785735,-1.0145487835618847,9.08399645049108,-14.946490489113163,15.50492675779561,Moderate Risk
0.3452654426278024,1.373340436713364,-1.9977468017193156,3.2065880911536166,-0.06551353571051763,1.027928728884307,-2.205729078070608,2.166425350951109,9.607949978651465,1.143790069759556,6.905739034248354,11.378442518345851,0.1576818785465234,7.108220956540285,-12.80989057293572,12.652120949854472,-0.3570334871470602,7.484580768488258,-16.655632316412493,14.07910412613419,-0.09580199934386388,9.162083037528785,-14.946490489113163,17.562280509445927,Moderate Risk
0.05628572111252493,1.418783403000485,-2.583611326372945,3.2065880911536166,0.09462909703504874,1.084986059158811,-1.9126950320208087,2.764541171060992,9.562443327881892,1.1837983320786787,6.905739034248354,11.673935025230993,1.9484823172707884,9.103210357463409,-21.42513908682517,17.2540359089895,-1.1153969110586253,7.785498230364572,-20.2297261143502,14.07910412613419,0.09505569319752312,9.762387159521891,-18.131252585818697,20.283080093456128,Moderate Risk
-0.10941208904677237,1.4293284428260196,-2.583611326372945,4.730797212968023,-0.015616591478461657,1.0753945555897417,-2.344980288394609,2.764541171060992,9.90737183784217,1.178056042825983,7.411394960880937,11.783737975459667,1.1635553648899135,9.62617732357539,-21.42513908682517,17.2540359089895,0.014044144290214434,7.584953872362643,-20.2297261143502,13.268736126508982,0.06297106136603509,8.333147802816796,-18.131252585818697,20.283080093456128,Moderate Risk
0.18668138247333807,1.4031370640814664,-2.3192809710827262,4.730797212968023,0.008071525710597771,1.2822852870779504,-2.902954965690907,2.8133032653165557,9.887253390021845,1.0898503868514609,7.411394960880937,11.783737975459667,-0.2971581088205759,8.400701818345327,-14.993871989577032,23.221202099949767,0.40230073493022034,6.96504559920568,-14.73407764146579,11.813547445967874,-0.30444866171254076,6.648046983862129,-15.766989704081784,11.660121695552498,Moderate Risk
-0.21360747563143131,1.2323258441635765,-2.3265598912578933,2.4571822846762195,0.24536103236334733,1.3624971441528375,-2.902954965690907,2.8133032653165557,9.71430333569904,1.1854241359401074,7.807359899767102,12.73720113446312,0.16002051480878263,8.48374533221711,-13.914045167340172,23.221202099949767,1.1446245580616454,7.785653888404907,-14.73407764146579,19.245437395515587,-1.2910465031681153,6.843429899440667,-15.766989704081784,9.19949724672049,Moderate Risk
-0.17116068802610054,1.2441897271999212,-2.3265598912578933,2.5961698244401705,0.19465829571073873,1.0550999512940828,-1.926204530929839,2.2469383929704687,9.884177889919952,1.296339638209797,7.827307719670827,12.73720113446312,-0.42318092874699254,6.698218711614074,-13.914045167340172,14.23558873816091,3.271866712462699,8.562566817491602,-12.875313147339703,19.245437395515587,0.18086100652055945,7.34581555384674,-13.321257216594232,13.210494083966704,Moderate Risk
-0.17421226721169772,1.2115735908361422,-2.85838952776399,2.5961698244401705,0.23006222355583555,0.9786831289608162,-1.926204530929839,1.90509709541084,9.79955430303583,1.2418678712823616,7.318060785361698,12.69910970585707,-1.2002119262917963,5.430815602599456,-10.172322002225783,9.957556216190817,2.235163205835969,8.60613172095508,-12.875313147339703,20.902539789770444,-0.2019020473648124,8.623639306974397,-14.17151537514198,14.233374378238352,Moderate Risk
-0.6489028390214766,1.037420090078277,-2.85838952776399,1.1263149638101342,0.4113678452011526,0.8798585056224972,-1.1477605724875322,1.90509709541084,9.520592493254572,1.1999185628847864,7.026722232124275,11.509900588013632,-0.46237522085855665,7.963769495725366,-13.446234208474264,23.092384493722584,0.5384535239343239,7.718796886853532,-14.987205983328291,20.902539789770444,-0.21661471894492362,8.52283507350584,-14.17151537514198,17.04967806405865,Moderate Risk
-0.3818675870367975,0.9590534143255511,-2.275202273901467,1.5458525652793,0.3538784724529887,0.9567741605071642,-1.194770888692992,2.651554382629035,10.03063148877774,1.0630059785516226,7.026722232124275,11.556394721858638,1.6640486653386835,7.522615129132703,-13.446234208474264,23.092384493722584,-2.1937429219247986,7.8299069552378056,-16.4801553334299,10.818248663379084,-0.42598529415084063,8.105354367580235,-13.828670206247615,17.04967806405865,Moderate Risk
-0.06755706518857678,0.766496659138419,-1.1686393844319078,1.5458525652793,0.008211099555754475,1.0821080744941274,-2.1443868117729505,2.651554382629035,10.01452169023712,1.1572378527590703,7.735229279754256,11.925809915247203,1.5957778700420193,7.68358215590924,-21.93133648663338,17.20819498281998,-1.9067210462550936,8.240570402573718,-16.4801553334299,17.38786263955582,0.37604211687183514,9.164706251046814,-13.828670206247615,26.682145518465152,Moderate Risk
-0.062234795229279445,1.0047986640664548,-2.015562597247956,1.8362064662646251,-0.2151926078317496,1.004645854634847,-2.1443868117729505,1.9611293831718368,9.565173660777925,1.267820650486171,7.725206324922969,12.28739326781241,-0.01775571192788803,9.161197424871201,-21.93133648663338,17.64809969336812,1.7423435649966832,9.163825862986245,-11.256139045892269,22.668643435652797,2.4590087782325862,8.831957707592913,-12.32602580213584,26.682145518465152,Moderate Risk
-0.010562778436724204,1.126548772962318,-2.015562597247956,1.8362064662646251,0.2117370288737077,1.0336960179683108,-1.680294274501412,2.2758995069835684,10.030895054856797,1.2577546930824353,7.725206324922969,12.302155902395455,-0.42237187960113154,8.2847227927782,-19.424944455619197,17.762814353011933,0.4374047414879032,9.31123702753726,-16.483950560569347,22.668643435652797,0.6430971937668841,7.739998161853357,-16.23348495552022,15.52889180404818,Moderate Risk
0.08262534253331731,1.027577624570003,-1.708004153857664,2.300711441404886,0.16111611089126207,1.1018230940934766,-2.1881912820595035,2.2758995069835684,10.077343514310375,0.9913958462817104,8.631971140611508,12.302155902395455,0.5753511170726541,7.817241761090954,-13.600519575343752,17.762814353011933,-1.4063906887149134,7.4677589357816885,-16.483950560569347,10.476151251737898,-1.3309022385821885,7.695491095259655,-16.23348495552022,17.3620389038106,Moderate Risk
0.11863593352603113,1.1067650971494591,-1.8066856092236203,2.300711441404886,-0.24902384210184061,1.1354230131806278,-2.521177452599518,1.8774974892688971,9.615494226688023,0.8565277153949472,8.027112641132993,11.354617256047309,0.39008654027739015,8.805160111393418,-17.36875223554012,14.36917902653406,-1.5199685148488558,7.970914729352362,-20.217324832132743,12.80321404358499,-2.318431914142813,7.637219428115392,-14.194273537794118,17.3620389038106,Moderate Risk
0.06899002256021423,1.2969646089715199,-2.7818915764229986,3.073557332125327,-0.21980899438636928,1.3154086896530255,-2.521177452599518,2.2829158565654373,9.489761050899572,0.8893431975019945,7.920324751989488,11.354617256047309,0.3206666296616994,8.079891450939822,-17.36875223554012,14.36917902653406,-1.016395051350507,9.087523760634019,-20.217324832132743,20.269686633041037,-2.4415518649933037,7.990528136977926,-19.603711865920555,14.30572511986383,Moderate Risk
0.2936582198793651,1.2003868028200737,-2.7818915764229986,3.073557332125327,-0.024016523760911505,1.2131658406922876,-2.072203377624182,2.2829158565654373,9.613070194864758,1.0445066615783722,7.746423431891579,12.010800501936489,-0.6055361859811038,6.323905127466424,-17.082358000637505,12.151944701988665,0.7683677481308874,8.549362154513116,-13.862710033373826,20.269686633041037,0.7229756073607986,9.45409304881973,-21.529598048473687,14.76452340303421,Moderate Risk
0.33615699154594497,1.0725463486096725,-1.663872070537198,2.82565367729291,0.08629765083151338,1.0507907800412617,-2.1150325336140163,1.7976603414439143,9.681314348199836,1.0177008987041236,7.746423431891579,12.010800501936489,0.4057493076087757,8.523632012604066,-17.082358000637505,14.01536648218644,0.30095964235901546,9.327981055372943,-18.04233455713791,15.794611100421628,1.6480419818084504,8.799227764762705,-21.529598048473687,17.24868166325166,Moderate Risk
0.12871380646344435,1.1112305516692709,-1.539702523651731,2.82565367729291,0.0638261496500711,1.1736969821889924,-2.5505443175329714,1.9586943106786388,9.826009557017006,0.8604513570376292,8.375691840739629,11.751551621257088,-0.13199195211812198,8.874121388171213,-15.98897220203151,14.01536648218644,-1.6015052943493588,9.82070800173265,-18.04233455713791,15.794611100421628,1.4772445888539463,8.807587635427542,-14.606508311881464,20.841284408746382,Moderate Risk
-0.23094913530770586,1.2600043020934366,-2.909117844836743,1.9114224772463848,-0.04272389824567389,1.1758190868877094,-2.6611758248637125,1.9586943106786388,9.96711123693118,0.9829946644105026,8.456572504625093,12.310885528382988,-0.7248193721486486,7.906473863384112,-13.639587382045134,18.03148733035393,0.11366645609216697,9.11394919423127,-17.85825368332609,13.947518560246657,2.3263276524170986,8.275424979168026,-14.606508311881464,20.841284408746382,Moderate Risk
-0.13450250098029107,1.3506357873416044,-2.909117844836743,2.3455950521549878,-0.08621545683932001,1.202781191451853,-2.6611758248637125,1.9417281396572248,9.796645932674036,1.3154247604172098,6.425680195884919,12.695549390486963,-0.05543134172777764,7.61237931289246,-19.23614707685051,18.03148733035393,0.242258864450966,8.606134026891704,-15.405144196466672,13.947518560246657,0.6823567094340997,7.257436356850585,-19.916296732283268,13.853543909228993,Moderate Risk
0.01717132659102378,1.0510808962019362,-2.265434684666818,2.3455950521549878,-0.02468849241875186,1.1138757767078014,-1.922226352661732,1.9417281396572248,9.784059254778407,1.343994354775314,6.425680195884919,12.695549390486963,-0.8543033242338759,7.300844772005187,-19.23614707685051,12.274295802429265,-0.5626489936456142,7.720018984613104,-15.405144196466672,14.771172043299996,-2.347676394887728,8.743673983837743,-22.153412521868333,12.55611815433573,Moderate Risk
-0.37302943106990344,1.1577983189402838,-2.3170003208689,2.870248067348741,0.05568394209498028,1.0088510427014674,-1.8163850093547813,1.9222809417238456,10.122428595513377,1.1314945304667474,7.690122590975701,12.17958283466617,-1.6563591259800117,6.9121242213783995,-12.82215182460221,12.274295802429265,1.5540710109515956,8.026006661245594,-13.857489265093765,17.543751808493905,-2.096920388262602,9.77009235002891,-23.100910801168958,12.55611815433573,Moderate Risk
-0.19546369142482165,1.406698931800191,-2.3170003208689,3.2480255291706013,-0.19320597594251046,1.1855796294338652,-2.421912183994833,1.9222809417238456,10.040706968211595,1.157127394209821,8.449416967495257,12.17958283466617,-2.009493412935014,5.632536637590117,-12.574103785817725,10.02248756306921,1.2107470688291655,7.972195119470463,-12.912181380499272,17.543751808493905,0.938009254350444,9.005789463676416,-23.100910801168958,14.314128486136658,Moderate Risk
-0.12748984026704846,1.3921327008444047,-2.673359468803898,3.2480255291706013,-0.13993492400169438,1.3415545829913431,-2.421912183994833,2.3367080863971386,9.457872811939641,1.266260504910222,6.724635776273507,11.770644333933848,0.122936526283549,8.581267541379983,-19.15152853075264,14.527661569857557,1.9489773301654776,7.6359242566939916,-12.722407211436131,16.952133825138493,0.7636894156604536,7.9768719873613625,-11.227902888960417,17.694831654280865,Moderate Risk
-0.11940722450107243,1.3507562732809897,-2.673359468803898,2.4854055630397327,-0.17484185729937815,1.1651169065212872,-2.412033147293858,2.3367080863971386,9.418566002847951,1.2095202913658933,6.724635776273507,11.402554266600443,0.07904151170830064,10.087384575789262,-19.15152853075264,16.96114507330276,4.025712602491583,6.663646120479403,-12.722407211436131,16.739122312026396,-0.9358052326157573,8.029500719354507,-13.536132464549084,17.694831654280865,Moderate Risk
0.5206874617377701,1.233019020242836,-1.8492396829205555,2.876428701841424,-0.4406331855691626,0.9263047680159415,-2.232493802635793,1.699848421191772,9.533530082593314,0.9091284766538686,7.052504960657123,10.737913465704176,-0.906526683891347,8.700931528034987,-18.5713460689292,16.96114507330276,1.634138004186201,7.758271494688026,-16.8223112975599,18.20616038628353,-1.3570527599192637,7.021542386562065,-13.536132464549084,13.742240529535982,Moderate Risk
0.4195300685117593,1.0434709934821713,-1.748765722782643,2.876428701841424,-0.23178262083488158,0.9360944522182452,-2.232493802635793,1.699848421191772,9.460286605976162,0.8292175920318243,7.909812718664261,11.49331717269684,-1.2720974007951864,8.556927397055436,-15.301985646811104,15.360493436532456,-2.1178937715412505,8.40829708663454,-16.8223112975599,18.20616038628353,-1.2712404792217211,7.9993660700427,-19.444528990759697,13.978006469044123,Moderate Risk
0.06050752978348281,0.9931792147072325,-2.747072717020878,2.502035611512829,0.12894243079570805,1.3103644204842484,-2.908496781933573,3.078184870319629,9.613026002708146,1.194029443624686,7.492726209559185,12.284321947204337,-1.5438746358016502,7.5650984041699045,-15.301985646811104,15.360493436532456,-0.5345808063034457,7.925181367969764,-15.986525971900566,14.583380929234396,0.06488573095063462,8.69266870730367,-19.444528990759697,13.978006469044123,Moderate Risk
0.22548556070651707,1.2823606071499083,-2.747072717020878,3.4075474977694955,-0.11986691676906895,1.3549322368123875,-2.908496781933573,3.078184870319629,10.000608118228374,1.209168343809782,7.492726209559185,12.284321947204337,0.2887548200670628,7.517986356598502,-9.728532151411256,17.693842803169705,1.650308186526453,7.945558433665997,-12.567304431849877,17.262680576639138,-0.10078918368125658,6.664717536276354,-12.631292523572656,14.282078470630776,Moderate Risk
0.15272441657821162,1.3157869177711887,-1.7974304097353604,3.4075474977694955,-0.5252074459748179,1.060886121155287,-2.402571269798919,2.133440568334569,10.111787707757973,1.0802046955670912,7.088929988148838,11.850346370757592,0.9004910074294089,9.285862991329651,-17.917977501498264,17.693842803169705,0.3832181229468897,7.6685014160972464,-12.567304431849877,17.262680576639138,-1.5167157850403437,6.441712894069211,-12.213428822126524,14.282078470630776,Moderate Risk
-0.032034945046710006,1.1904614663892064,-1.6035235638616248,2.8948519847086147,-0.5672009643392962,1.1015543692584082,-2.5227664696139285,2.133440568334569,9.989909381394844,1.2661135089320819,7.088929988148838,11.914851660392236,-1.073477317228115,8.408810738629926,-17.917977501498264,14.349371461115553,-0.5189738734891981,8.15701797599832,-11.053440272880424,18.490428694049992,-1.71212899270989,6.659153500590257,-13.84250085123146,11.507512291094905,Moderate Risk
0.10860224037426751,1.1435175539012317,-2.5124369401561206,1.9511735520076785,-0.35366964574028686,1.112314646198027,-2.5227664696139285,2.8420721618824465,9.936486582100473,1.1957548313135669,7.389253227265225,11.99084199573822,-1.1243158565685483,7.634974143210811,-20.062608288440536,15.183086701473458,-1.4627049948018311,8.26584966841749,-13.668372533063987,18.490428694049992,-2.630655973275827,6.676921364963389,-16.051780920295947,10.448694961986517,Moderate Risk
0.08491386546216198,1.1732965427794382,-3.031153538123254,1.842400459966216,-0.20864129491517935,1.253375563297957,-2.652839432868667,2.8420721618824465,9.879282516592468,1.1835592124416447,8.123803368072261,11.99084199573822,-0.33988419585673457,7.248494723367032,-20.062608288440536,15.183086701473458,-1.123211554676833,7.702312286032385,-25.626764873637487,11.590032929094976,-0.36224034917680753,7.588036897358797,-16.051780920295947,16.550235463794973,Moderate Risk
-0.03789979354938525,1.1062937151311565,-3.031153538123254,1.7118433852879682,-0.3043239480081947,1.0694304657968754,-2.652839432868667,1.2076539297645368,9.72057974091618,1.0749680826372068,8.123803368072261,11.881747646254428,-0.05052057076882021,7.227764792559307,-13.83860383944086,13.382901096099966,0.5804585496522993,8.1855530525314,-25.626764873637487,11.590032929094976,-1.0360744675141407,8.61766570538272,-25.76933998272344,16.550235463794973,Moderate Risk
0.23579948903841824,1.1646486516541597,-1.802909517172262,2.4722568871496167,-0.14493430966287152,1.1136625249326562,-2.1280248415289664,2.4303410503457337,9.64158827320875,1.091421837042357,7.596939955359314,11.609145310170824,-0.41781021986792394,8.169860030825632,-13.83860383944086,20.03453441693447,0.6484790200405963,7.190349072422114,-14.686533062419567,11.489268050993912,-1.7221584718063592,8.27422450928441,-25.76933998272344,12.49552428953101,Moderate Risk
0.18841032591964865,1.1787286411617217,-1.614753501993776,2.4722568871496167,-0.03385673146088801,1.235269264279947,-2.1280248415289664,2.4303410503457337,9.86451045776611,1.2378739959550353,7.596939955359314,12.445167663475148,-1.252759392336629,8.386701778065959,-19.63272200851307,20.03453441693447,0.3756345393843216,5.9699639499980055,-11.46081309669118,11.489268050993912,0.16639525067472574,8.200582496003381,-13.82398286870704,20.19976317445317,Moderate Risk
-0.22976038485271302,2.067613988613013,-5.497609666371254,3.582398053852112,-0.1972899566824904,1.3280554302443297,-3.95467341596077,2.3283051521782943,9.523329965101441,1.2212079150349484,7.3198236405986545,12.445167663475148,-1.2256684193913936,8.00854341787462,-19.63272200851307,17.43364089527016,0.6136175266176349,7.393569017111553,-11.347234619898124,19.32679829666907,0.4758842334290491,12.11773434301087,-18.011732216654906,28.83944571332303,Moderate Risk
0.011063156059999605,2.176425346680887,-5.497609666371254,3.582398053852112,-0.42367146799145916,1.2096666228007478,-3.95467341596077,1.995445318276869,9.379907169453423,0.9844589486653194,7.3198236405986545,11.164763041682503,-1.4740211102685121,6.646387896301098,-15.60557515536086,17.43364089527016,-0.08949707963808856,7.559564566645279,-11.347234619898124,19.32679829666907,0.8779084245219039,11.175031727290257,-18.011732216654906,28.83944571332303,Moderate Risk
0.40344377007187854,1.4251049778969893,-3.4938599031847786,3.3398821706967947,-0.4924060912301819,1.0773972542996773,-2.2043797934701743,2.262802542066366,9.845778695212804,1.0892573319046124,8.077288164149957,12.570539972061912,-0.7170236194878854,7.051046888401794,-15.60557515536086,16.3622393413284,-1.4767402553717603,7.519018706805514,-15.040060818947596,13.392705972439307,-1.405747571166143,7.860364918101729,-16.833566399454014,14.844672291194698,Moderate Risk
-0.10108613326642815,1.412547409045724,-3.4938599031847786,2.6954256162699184,-0.36441107413378465,1.3119780448194682,-2.538673696942414,2.262802542066366,9.894924555412455,1.3088988125713292,6.768796569831462,12.570539972061912,-1.0149114435989526,6.559837697596595,-10.620226607756372,16.3622393413284,-0.542904366389425,8.32230251307811,-15.040060818947596,13.392705972439307,-0.4340654357755119,8.15662090008263,-16.833566399454014,14.844672291194698,Moderate Risk
-0.41886168990302125,0.9540560861113668,-2.3153787151512986,1.2152306454611232,0.08208903205453369,1.298650153849483,-2.538673696942414,2.1745687047693187,9.821249185488039,1.3701267824503143,6.768796569831462,12.49282161771062,-0.766903691032514,8.227361236586837,-19.99415631694865,19.416539164439303,0.05994309265453494,8.06809593977068,-15.096748193582734,19.7797723236268,-1.7243511679218098,7.7157790710423,-15.628924368074232,12.800061118314822,Moderate Risk
-0.12957460127697948,1.1734217068941684,-2.408764679610364,2.9591127977536376,0.08726041517848025,1.2259925913856833,-2.1315587538789345,2.1745687047693187,9.731000411475584,1.3449384738525911,6.185308893804265,12.49282161771062,0.8105353120752822,9.347538388141873,-19.99415631694865,19.416539164439303,-1.3364412833520267,8.480847024914024,-15.096748193582734,19.7797723236268,-2.8612873425392293,8.285278139443978,-16.718393509693033,20.172195445846288,Moderate Risk
0.08076879421132155,1.292636250693118,-2.408764679610364,2.9591127977536376,-0.1542669583285262,1.2421934459095882,-2.1315587538789345,2.547984615937223,9.686855932974028,1.2787091617289308,6.185308893804265,12.79949799600872,-1.192470197839502,7.6370862765920835,-16.323286921186885,16.43361466872832,-1.7528423856683917,6.974242643004591,-13.854429591407582,13.616167604015413,0.8249014757553641,9.108784573610123,-16.718393509693033,20.172195445846288,Moderate Risk
0.39366219496608346,1.034507244649608,-1.8678443210419495,2.3684801312830226,0.024934407583024898,1.2460419849150441,-1.814095845705797,2.6481659184653634,9.83684537241651,1.1985314305583807,7.912229486349383,12.79949799600872,-0.9457499906615081,6.2267222090371845,-16.323286921186885,13.096337714562193,0.252092578802492,6.813246511135491,-11.006844815337338,16.457157191647195,-1.3722437320773784,9.337129411445817,-17.16108995274545,18.656396834112872,Moderate Risk
0.03866691959976486,1.1994479897187198,-2.98295389474342,2.184696321917959,-0.10953946905906692,1.2494075078172278,-2.936994170819592,2.6481659184653634,9.86936248653106,0.9840352032782625,8.13743466492042,12.326414293456338,2.062585700508453,6.633274899465171,-11.126964727234244,14.110961856458225,3.2750131764391464,7.2958087107959,-11.006844815337338,16.625152475155836,-2.940825412195392,7.628105549735726,-17.16108995274545,10.629291238300729,Moderate Risk
-0.08331028690623536,1.3242190265636984,-2.98295389474342,3.516384342591012,-0.48079672281809815,1.388405134632006,-4.386103818124927,2.1574064797085657,10.100883964546036,1.1438912700498467,8.13743466492042,12.736079214204786,0.40278594653002553,8.957564180172266,-14.69933317547183,14.655230610201258,1.8316919242369771,7.39494969827365,-16.402351140198174,16.625152475155836,-0.6710019798527133,7.730850105187654,-15.300886745507745,13.317172291471753,Moderate Risk
-0.002961774264375827,1.2560613919258878,-2.016935549892782,3.516384342591012,-0.04691837205876827,1.4951902183406334,-4.386103818124927,3.520326847405527,10.323035628853992,1.3303724604024598,7.633341035436587,12.736079214204786,-1.7607280325875398,8.256843809552953,-15.33273334975278,14.655230610201258,0.012661328390222042,7.494431570494868,-16.402351140198174,13.65904883803558,0.5391739756567806,8.341558441489063,-15.300886745507745,16.27026009412723,Moderate Risk
0.027049960507629735,1.1930486870859058,-2.016935549892782,2.364814069759789,0.3279872308853013,1.195660006453207,-2.286688023567036,3.520326847405527,9.890443834887435,1.2936535778857272,7.633341035436587,12.309371988250218,1.46865646509702,8.234977084208035,-15.33273334975278,24.11034626174397,-0.8569041371933506,7.252759379600041,-12.66127737579476,13.65904883803558,0.6900357529990664,9.512403412013422,-21.190332909505496,18.58982930903948,Moderate Risk
0.22911319509981234,1.2244625819011907,-1.9960640536314396,2.364814069759789,0.2263375681755853,1.3270406279520017,-1.877899108992085,2.942055149996749,9.688854759249049,1.089383204587741,7.778312575402309,12.170839333309791,1.4196819261903604,7.74684455598336,-11.80071377175437,24.11034626174397,-1.5226899901277282,6.9426290840292015,-13.774724327725446,17.109840858146054,1.5776278218367312,10.382840791805933,-21.190332909505496,18.894765495306096,Moderate Risk
-0.23212724498897255,1.2977317405739053,-2.988338050051594,2.0769782316536918,0.12817881708367185,1.1900163849055314,-1.877899108992085,2.942055149996749,9.942882450391474,0.97150015698041,8.046345162391495,12.170839333309791,-1.3735543726575243,8.852110159573414,-21.68453297263417,29.53299600958244,-3.019697175110614,7.726928925582275,-22.28918150224428,17.109840858146054,2.141136331403357,10.06475936217541,-19.80052226458432,21.416484249660776,Moderate Risk
-0.396106269411629,1.1175312934319328,-2.988338050051594,1.543260124636111,0.16395640142552256,1.0944702200127558,-2.048689362246441,3.2913559252440234,10.006077240738547,1.1960882622841127,7.875381179209588,13.012659309867908,-1.47199267818466,10.531528438874084,-21.68453297263417,29.53299600958244,-3.7560050061265375,7.827438229113563,-22.28918150224428,11.531591227271376,0.5036844235042787,10.04565951682008,-21.637636163399403,21.416484249660776,Moderate Risk
0.1353111199678355,1.2164482121654892,-2.2277178599234437,3.3430942967928665,0.400789713243148,1.2063093758439762,-2.048689362246441,3.2913559252440234,10.294636800632967,1.310953294674553,7.875381179209588,13.012659309867908,0.08006361350583963,9.164513478045777,-20.03573287264039,19.058938870092152,-1.908177768502695,9.787379918101891,-19.139878652328942,14.371246841277168,-1.3400892772291384,8.206806561416668,-21.637636163399403,12.90526000767107,Moderate Risk
0.2521914054983073,1.160671791986997,-1.4045229089970024,3.3430942967928665,0.42340420942152984,1.1215942726550312,-2.35301416976183,2.6327101821653334,10.337333144751984,1.150789949074108,6.922466234363787,12.15111479648175,0.0048027850516319855,7.925488339516333,-13.498849401421698,20.151601655105708,-0.9547465673467773,9.327289348457997,-19.139878652328942,14.371246841277168,-1.3675343528143502,5.557081003102004,-10.51242803758146,11.898866217989138,Moderate Risk
-0.05823512708392661,0.8389568694548798,-1.283282864682596,1.8781240866890925,0.09521015324984103,1.2356023430818126,-2.7624146161622383,2.6327101821653334,9.979798070051753,1.1294006617978951,6.922466234363787,11.922099117046177,-0.6217999573602142,7.632422984941568,-16.913977997862442,20.151601655105708,-0.47091394135172854,7.428618843779555,-15.338840070453958,14.01943030709818,-3.0218282994062,5.295282800189474,-11.548756652002012,10.187027919205107,Moderate Risk
0.21755515564007888,1.0601072784610137,-1.9169450619949469,2.384881059032596,-0.2513330937344967,1.0894126444758696,-2.7624146161622383,2.1695194067429644,9.892435331535191,1.0419613855007932,7.952962769413278,11.922099117046177,1.058527502883024,8.042201613200787,-16.913977997862442,12.791376913536608,0.9291500771833981,7.598534275588745,-15.338840070453958,14.01943030709818,-2.3241001757733253,7.207801021475736,-15.048296382939885,12.526996380738913,Moderate Risk
0.19292333512131302,1.244312509645948,-2.354360220813979,2.384881059032596,-0.32737289008680975,1.18074573686117,-3.458416035801636,1.768655148608095,9.972339070808983,1.2738033880413884,7.736926754836397,13.6684490354554,1.8374506576577614,8.115125834399278,-14.946030650764028,16.45040808154016,0.4393437930413255,6.944840294625004,-10.467797047402588,13.449985112491996,1.783997829859139,9.66549828437524,-15.048296382939885,22.88911434573769,Moderate Risk
-0.04609597558369763,1.1783809736247277,-2.862010557565174,2.011225750511916,-0.34859707858575256,1.3029936569932248,-3.458416035801636,1.651090103158768,9.836676841214627,1.3501069668554697,7.2235647947305,13.6684490354554,0.26039925052400503,8.575724609495778,-19.050339157723784,16.45040808154016,-0.5073382673607215,5.639925182464314,-9.93138262006168,13.449985112491996,0.051098410150073756,10.541086883670335,-21.09687735375376,22.88911434573769,Moderate Risk
-0.21977837177148932,1.4689174226177226,-4.6276503950887165,2.540847379704411,-0.47540870921738365,1.2880028913557358,-3.4156491795921764,1.939710668988048,9.930266837009041,1.1932064813479386,7.2235647947305,12.317657955751152,-0.9380878125541854,7.424468267340082,-19.050339157723784,13.849575213114887,-1.547367729545911,6.408393550368457,-15.639381128988408,7.675388456494758,-0.9743955325849496,9.165808037332745,-21.09687735375376,15.474417330701687,Moderate Risk
-0.2141792144885412,1.3812937944055446,-4.6276503950887165,2.540847379704411,-0.38878289404651595,1.127989018322519,-3.4156491795921764,1.939710668988048,10.117035491648453,1.1085791550544435,8.3910504633056,12.851439082327364,-2.717561111099091,7.301741607714661,-19.68494897778185,10.152365690831012,-2.3860166178220052,6.971457194066988,-15.639381128988408,8.284312142203333,1.2195445810905985,8.191625092895448,-14.221889176585556,14.581470185809472,Moderate Risk
0.009094317838191757,0.7461187332814317,-1.771045316521694,1.8032732169591423,0.07070238560053226,1.0972051504471938,-1.6007599571854698,2.869743195422511,9.82648938145542,1.1750185292559363,8.05857195113325,12.851439082327364,-2.7656844141227537,8.207368583311167,-19.68494897778185,13.657769479630874,-0.06199654718838546,6.846625467927463,-18.12438233311768,11.785532103806068,-0.03324782646355746,8.386034171369019,-17.367334381780168,14.581470185809472,Moderate Risk
0.11613048653174544,0.9543786004205507,-2.001340152656973,2.3626306214458515,0.17640309872841514,1.1914403983023971,-2.2663430276612635,2.869743195422511,9.569970907755806,1.2778819391142773,8.05857195113325,12.582551129676446,0.2317743037902081,8.020811574519684,-13.586398653683643,14.480360829315604,0.2302635683221628,7.112794003452662,-18.12438233311768,18.845031752707783,-0.2420915503386861,8.986705064114213,-17.367334381780168,22.060278339328804,Moderate Risk
0.1450792711621183,1.243774985811195,-2.133570641642821,2.83305860617556,-0.08668281590495812,1.133523676498212,-2.278345614825384,1.6811770196316604,9.751566828773457,1.1239996165765214,8.07304029927126,12.582551129676446,-1.1169437399349698,8.075994424171384,-15.395636774903622,14.480360829315604,-0.17306828931165372,6.638063310216728,-13.686464930543815,18.845031752707783,0.11339999011428402,8.177962718772724,-15.20527051338413,22.060278339328804,Moderate Risk
-0.0501241826792613,1.130757713423098,-2.133570641642821,2.83305860617556,-0.013810432640656952,1.099450001367854,-2.278345614825384,2.4018908941556987,9.934750255132597,0.8135269202129264,8.391525511348254,11.551016802878562,-1.837433850430077,7.839628661369694,-15.395636774903622,16.08752707648043,0.157199094562925,6.83496231658578,-16.234785040524823,10.589964391403996,1.618766504979948,8.20346059894234,-15.20527051338413,25.112911978250757,Moderate Risk
0.2882410649885584,1.1110429852639954,-2.035899048051112,2.693878096978472,-0.29553948115971296,1.2385915530605807,-2.214473190267485,2.4018908941556987,9.908257853156174,1.0399972301070053,7.648720674338419,12.158002148658408,-1.6703361287503642,7.460906577015592,-14.393246592259688,16.08752707648043,-0.0846621596178397,6.709403299351017,-16.234785040524823,12.501479604567484,2.641665141548927,7.621360123154242,-8.858461099191011,25.112911978250757,Moderate Risk
0.28022508949881153,1.069398194650791,-1.7231459736336192,2.693878096978472,-0.096831557103652,1.4912249204718047,-3.204201520045856,2.369247786107154,9.844252598988021,1.4900939408145857,6.143618464416589,12.766530837995916,-0.5639118478818028,8.00439456284626,-13.427152337145229,21.87112342018108,0.8937758128558573,6.953822009178518,-14.295661315416574,17.358981494688265,0.5411920848787072,6.577230798635404,-12.067397625801345,14.873953182709352,Moderate Risk
-0.011577397720949444,1.1135199724206049,-2.840362749007634,2.710152955385573,0.40355138546974795,1.312182019019539,-3.204201520045856,2.3374691757621138,9.758496430981543,1.4652682579252387,6.143618464416589,12.766530837995916,-0.5568992085637449,9.281858727069025,-27.62683266550213,21.87112342018108,0.566928389752889,9.650892241509869,-23.33890289042452,17.358981494688265,-0.9163921725277059,7.867811145379388,-19.04953228619565,15.34489062634289,Moderate Risk
0.4112431029882489,1.280250141611359,-2.840362749007634,2.870758060403709,0.03381441914538354,1.321185095729934,-2.704507698432861,2.64622476019092,9.88210501743458,1.0221387504305184,8.143271377124336,11.856861313653765,-1.5865589217814664,9.70030379173617,-27.62683266550213,16.742855392683698,-1.6790556310980738,10.241919030945501,-24.64478981739142,16.51511321480761,-1.4123344270226463,9.017836154041849,-23.20856503235133,15.34489062634289,Moderate Risk
0.34469892739182983,1.151262695444351,-1.4414553826719154,2.870758060403709,-0.03301704956105502,1.3922395867036983,-2.704507698432861,2.64622476019092,9.736461380286729,1.1064728148466267,8.141033198669756,12.120154660240312,-1.4958146057051878,8.398401037754365,-16.63044010433321,16.742855392683698,-1.2890866510738261,8.192236879975193,-24.64478981739142,16.076317206376924,-1.4205089259484713,9.580370797556125,-23.20856503235133,12.609794277737114,Moderate Risk
0.150734993656327,1.2386652387101942,-2.823343763862431,2.1186734131527123,0.12521184608028468,1.5613889258635707,-3.2076043726608794,3.1935823821094025,9.60343247714856,1.604922451591801,6.604725641556295,13.35802995987186,-1.9139423263910837,6.204870396339606,-14.038157036969444,10.005292062289191,-0.3147205243300771,7.7965100883916065,-14.870156451616062,20.363062307321474,-1.3762551041208044,7.6570722471857975,-21.97785713691417,10.41317707836341,Moderate Risk
-0.09715800426816117,1.4702707025379458,-4.001871252750996,2.1186734131527123,0.13242330860781829,1.3604072573141672,-3.2076043726608794,3.1935823821094025,9.689466049842848,1.5353300219136314,6.604725641556295,13.35802995987186,-0.3765927688653955,6.593271672229317,-11.095723804574783,12.726261208346864,-0.20438812313790955,8.195346423182793,-14.870156451616062,20.363062307321474,-0.4637889497205202,4.689947471915941,-9.5362712830169,7.751656931071125,Moderate Risk
-0.09389890984501977,1.3782015329223807,-4.001871252750996,2.0903070382727256,0.2206626110632524,0.7947567013428838,-2.3555902891832656,1.355428115344356,9.776337864597197,1.0569948012880315,8.001615378448676,11.621968785572411,-0.33822764586075044,6.906937918052697,-15.6677229232267,12.726261208346864,1.2901096158757512,8.317579247130016,-12.592263704150309,20.99701343330195,-0.5952608839934748,6.300749874754668,-11.39131072517634,9.480610132466946,Moderate Risk
0.1854621231149223,1.1502962474497664,-2.4300435774116926,1.894338468574356,0.24361993723101608,0.9735672589016919,-1.3786179218000123,2.551730193031662,10.10681562169247,1.02073994555493,8.184848488407676,12.39237908040516,-2.4553512567237514,6.867627608034599,-18.41770943644196,6.79954308918956,2.8336008520761258,8.746261307432507,-12.592263704150309,20.99701343330195,-0.5857779645504155,8.104859462926308,-12.109164989937474,15.60685675997587,Moderate Risk
-0.07686325638644283,1.14570980127034,-2.647122215897254,1.894338468574356,0.10974253902138767,1.2699761922939343,-2.253269836692248,2.9339775607996814,10.037266724638226,1.2770656379474008,7.078964171975162,12.65165471058653,-3.2925929239972587,6.9057514828416835,-18.41770943644196,10.332035245072356,1.182300027524299,8.480208647585627,-16.35062013060984,17.663433742353487,0.4056804905698469,8.034926212970324,-12.109164989937474,15.60685675997587,Moderate Risk
-0.3523405066529798,1.2216473136785162,-2.647122215897254,1.6527166845758805,0.201884297376304,1.3915674011878472,-2.910579478263224,2.9339775607996814,9.659025756324102,1.2243653277697677,7.078964171975162,12.65165471058653,0.37531600421939054,7.837156840238741,-14.734716596594234,16.199028874635566,0.903417804092738,7.720088886017561,-16.35062013060984,17.26800484733039,0.9146553100616093,7.311780409586111,-12.452628563776113,13.136272167887974,Moderate Risk
-0.3345022938013148,1.2751923332097166,-2.326232204327704,1.6527166845758805,0.031931381799388175,1.1975530079135819,-2.910579478263224,2.7310270582522387,9.854975845539341,1.2031547682224326,7.986705748759432,12.543730348062612,1.4281007696830383,7.275788733719415,-15.77689396191774,16.199028874635566,1.7898579640317085,6.0398515799961805,-14.18858753770542,17.26800484733039,-1.4672038450608336,8.947233320097766,-20.07348208778316,12.487624204982122,Moderate Risk
0.024879704477979204,1.2556463767456656,-2.326232204327704,2.8079955863189374,-0.2004883755348944,1.051860229907747,-2.9564209486866755,1.4874452942810896,10.090236447391732,1.1949915393035222,7.986705748759432,12.543730348062612,-0.6163451125566543,6.895100639230777,-16.095999744848875,11.747947234897026,-0.6984323240547887,7.979930653546724,-17.09958965119835,12.518643240280516,-4.130680338632664,10.091938475971103,-26.01623546137269,12.19464192802144,Moderate Risk
-0.20662209643013554,1.3761207351486051,-3.4512387384557,2.8079955863189374,-0.27817572193009776,1.1615876925583823,-2.9564209486866755,1.4874452942810896,9.813041724126432,1.1393921625124999,7.584468826921908,12.027167649630831,-0.6946303449820042,8.12403659064975,-16.095999744848875,15.466340110496278,-2.770899749529157,9.33734164427506,-17.490226774192646,15.505601940248196,-1.9277608406585363,8.851313138856861,-26.01623546137269,15.882153638124333,Moderate Risk
-0.303368589849484,1.271295378300901,-3.4512387384557,2.0966847942118694,-0.08160479363216586,1.1089675155625165,-2.615737430357102,1.6886532257740756,9.457072269937846,1.2090565576790526,7.514785918241213,11.996487438646252,-0.9613348517434936,7.887321565720435,-12.377791946225406,15.466340110496278,-3.3319169341488855,8.239276734784456,-20.40428983137888,15.505601940248196,-0.8173612165727441,6.556080854241292,-15.430372421413292,15.882153638124333,Moderate Risk
0.14972903073674526,1.056032935381471,-1.3255499689127912,2.4438988280064966,0.17541429488418175,0.9855084138796435,-1.797153439283408,1.8981049890929789,9.616314394961705,1.2560003567394649,7.514785918241213,12.074527179543896,-2.1922621255896777,7.50072161301834,-14.518094297022795,10.290275490934247,-2.1560143965906846,9.271574593328792,-20.40428983137888,18.335674615487832,0.4880044968495882,8.727814645277803,-15.960107877373591,16.578218325272555,Moderate Risk
0.20852855531742706,1.3175266555727323,-2.3989053754773693,2.600260841779574,0.13128410523894557,1.1181663434839855,-3.022597145901821,2.6386044459135407,9.907521217622918,1.1558050678450107,7.886491304170813,12.224436033086215,-0.3726736701050431,9.179897334436022,-14.518094297022795,26.83658711333102,-1.9066437809962318,9.783109307614263,-17.672632419899568,18.335674615487832,1.1578542998705252,8.769481262493025,-15.960107877373591,16.578218325272555,Moderate Risk
0.04939620624528249,1.405431465578939,-2.3989053754773693,2.655933501613565,0.0036440840999340195,1.2986517091830456,-3.022597145901821,2.6386044459135407,10.31626167696146,0.9865626677374428,7.886491304170813,12.224436033086215,-0.5901315955305707,8.427571218029572,-16.10140251191257,26.83658711333102,-3.0008601720344066,9.131921367098007,-18.2433277852616,14.014574248193682,0.00040994975476214,6.658019755951064,-11.704576582185569,12.995897495479406,Moderate Risk
0.09748028440805964,1.2554594132372487,-1.8266463659110248,2.655933501613565,-0.16037698120964805,1.2916592822881505,-2.5772438871202232,2.4515338333620367,10.701486180542911,1.0201416495468516,8.40729059781368,13.03236637060306,-2.284747530520763,6.622090082065458,-16.10140251191257,9.470215891872812,-1.3826297128219738,8.133597632122244,-18.2433277852616,17.607390540570943,-0.32843447039991686,6.129192791594195,-15.456295600689272,10.983108205376244,Moderate Risk
-0.3208694955454673,1.3416305053104471,-3.2066488613656188,2.248291672676563,-0.10509520841637851,1.1482011345122698,-1.5867257743094116,2.4515338333620367,10.630099804135394,1.2941771021147572,8.40729059781368,13.03236637060306,-0.7066372590386875,7.889726548803043,-21.263706083625934,13.192003457676012,0.04112857587634385,7.017136750479663,-9.37396241317039,17.607390540570943,-1.9772729364977542,7.185554181595495,-15.456295600689272,12.703323460312731,Moderate Risk
-0.5027820287979881,1.3289572282869153,-3.2066488613656188,1.489361184017762,-0.18418819479306486,0.9888395585743355,-2.121697490863937,1.965306022245734,9.985658620385374,1.3235466797925741,7.477434183728585,12.943496770572343,-0.11865852544047506,8.61681689352039,-21.263706083625934,18.129826291357748,-0.6812731193727103,7.963347927419299,-18.041165769001555,15.077916438297406,0.4633617192411069,7.5454771539011025,-15.20376223165329,16.6443626527617,Moderate Risk
-0.014487225011709345,1.3410214553454214,-3.4730220690859004,2.153626736595059,-0.27913035662837865,1.1530734901288415,-2.9504903079258606,1.965306022245734,9.483029864830723,1.2556833225623727,7.326817978982778,12.382039179290905,0.4370871492674174,7.053986767938625,-12.54494871904634,18.129826291357748,-1.416215890607269,8.621943855370601,-18.041165769001555,18.935781280472185,0.8611488701166501,8.540791223727082,-21.24990700221461,16.6443626527617,Moderate Risk
0.016736901854354735,1.2935548028819703,-3.4730220690859004,2.206124279433995,-0.2061316665953234,1.2297214174407942,-3.344746710426936,1.803392502299496,9.766095900591703,1.2854888340423507,7.326817978982778,12.382039179290905,-1.2196419879551212,6.5344029622294855,-11.563026696490232,19.077159826974977,-2.052509380995712,8.193385290528404,-19.433278100147803,18.935781280472185,-1.3548165555558822,8.469852851701301,-21.24990700221461,16.233679843762385,Moderate Risk
-0.1432143174211964,1.2045924075861116,-2.291499320636282,2.206124279433995,0.041082296988008075,1.2118564074652165,-3.344746710426936,2.3762356100275075,9.982579017643019,1.0948450796394833,7.412055988154716,11.702489786792595,-2.553837664480608,7.861240331854729,-14.6213130313271,19.077159826974977,-1.6948167968363559,9.219164272645777,-19.433278100147803,20.244197512962188,-1.1416829658269099,6.936074037344264,-13.617792488760118,13.934802435098227,Moderate Risk
0.22074414644017268,1.4112850085519806,-2.291499320636282,4.323398562973048,-0.178511014808123,1.2382062983494404,-2.71146397518671,2.3762356100275075,9.664402747024205,1.454440459050799,6.962124320579233,12.036316931491635,-0.664160219565261,8.006016303862364,-14.6213130313271,15.258115394719832,-0.05632957612932496,9.194970115750959,-17.394741813021408,20.244197512962188,-1.9567572850545216,8.355355468265453,-22.15223105241093,13.934802435098227,Moderate Risk
0.38493151107044865,1.3282851543377607,-2.296806993616185,4.323398562973048,-0.24682073637090304,1.3432904086687298,-2.71146397518671,2.637767423375379,9.500270945585646,1.3778315685276867,6.962124320579233,12.036316931491635,-0.23312688115397873,8.059440098417085,-15.134484293665606,13.955791403083907,0.5131135860930635,7.835880776722322,-18.12087375119518,13.529385690242686,-0.6577704450192282,8.739494585384584,-22.15223105241093,16.894258805053127,Moderate Risk
-0.10104461013801268,1.2649689998096392,-2.490714077853404,2.129087541648217,-0.04908368169936484,1.3531948590952099,-2.670453548286857,2.637767423375379,9.689586332420621,1.1444431712278984,7.608373979457306,12.778510988535077,0.5616285045852901,8.582230941094648,-15.929975840244971,13.401619392702216,-0.8405515518221361,7.772466709705113,-18.12087375119518,13.529385690242686,0.004091022558396507,8.382249078201918,-14.744408211722224,16.894258805053127,Moderate Risk
-0.07809756838713278,1.1609573283384673,-2.490714077853404,2.1194908916062247,0.11428360779936275,1.200985696292841,-2.0210697570361877,2.0097620135228764,9.694532348384769,1.0796472826825296,7.608373979457306,12.778510988535077,1.8715756245339918,7.97454879217008,-15.929975840244971,17.66447262007271,-3.153726671651727,8.285319478361362,-23.08600194947323,10.728270871689348,-2.1126993036454715,8.630752811686637,-18.4138759423213,15.410201896091897,Moderate Risk
0.08017472811705907,0.877699156904614,-1.7584084601339602,2.1194908916062247,0.2538956056048797,1.2253310576019651,-2.0210697570361877,3.598480926602958,9.777393174041572,1.0911014470096163,7.717973674378593,12.077974373282707,3.0305883188413625,7.952546438769779,-9.853757621350509,19.19501765365129,-3.6663600986700704,9.311487626115538,-23.08600194947323,17.66726216050985,-2.6876914209438403,7.993935815200329,-18.4138759423213,12.05587493844062,Moderate Risk
-0.04355820447163726,1.1276138683728998,-2.813966723425446,2.0660311345621705,-0.12995700125194706,1.252302432663815,-3.106030996261738,3.598480926602958,9.704969276229287,1.2949982950979555,6.972581556172996,12.077974373282707,1.097068980116653,7.706430933733362,-13.481556246463263,19.19501765365129,-1.6863844521187643,8.408032101458035,-16.701727120456805,17.66726216050985,-1.7491902485324857,8.98306508117407,-18.4699311897421,14.629137789947862,Moderate Risk
-0.08995720597050903,1.2918438966355874,-2.813966723425446,2.414065890531296,0.021854513139089704,1.4002247908758922,-3.106030996261738,3.531303175206524,9.65857349242338,1.2408441198143045,6.972581556172996,12.122720073290251,-1.8058455360917718,7.631451290390773,-18.79903837946385,11.594718051686703,0.4891247367454889,6.749090969991284,-15.507049112655393,11.63087283557126,-1.2502975847142885,9.077811705781608,-18.549284771495845,14.629137789947862,Moderate Risk
-0.19367953125317133,1.289111853741475,-3.8391175742546135,2.414065890531296,0.16487350281527893,1.496741066752413,-2.4704168234463504,3.531303175206524,9.942855554231983,1.0599614352893665,8.146085992131402,12.122720073290251,-0.5629549752180717,8.783200167623223,-18.79903837946385,17.221272722895126,0.8736205542201323,7.202680685216683,-10.694701237298146,15.325957214563822,-0.010055113900623407,8.271697416059181,-18.549284771495845,16.548380671378112,Moderate Risk
-0.31353693831758817,1.2244337157572731,-3.8391175742546135,2.376185221837671,-0.1651052817000641,1.305076398660556,-2.4704168234463504,2.2253170806199694,9.906376330665596,1.0747434299639724,7.312275405880074,11.94369345210197,0.7072224733258705,7.103068291876809,-13.121724709006235,17.221272722895126,-1.007408804941854,7.845593143216828,-19.180677656114447,15.325957214563822,0.12614044356178666,8.377591254447479,-24.649142590212698,16.548380671378112,Moderate Risk
-0.018102514839720044,1.2732152748497223,-2.752394426844793,2.376185221837671,-0.0314978561359904,1.1498284264656702,-1.839601894324116,2.314360561072757,9.72281349448169,1.1602671191889051,7.312275405880074,11.94369345210197,2.537082928920491,5.870621523749394,-8.239557789764909,12.918181084497808,-1.6348434636516747,7.233645172826883,-19.180677656114447,10.707320612112332,-2.097524277553526,7.2400856032264,-24.649142590212698,9.470128850316444,Moderate Risk
-0.08294424344265837,1.1785642272173658,-2.752394426844793,2.2711844500045366,0.040806058028760576,1.2138208832494692,-2.1186255466989623,2.3258285649324466,9.721495347220758,1.127378470662089,7.740787583524218,11.937374068945308,1.9471037765394166,7.643784838779309,-11.135083369820167,22.896623144982517,-0.41087533461999176,7.612235032960695,-13.860550419184223,17.06115221074909,-0.8486400615800134,7.799735504518272,-14.69811125894619,14.870847985632343,Moderate Risk
-0.2941840974194907,1.0748414228616427,-2.3300328569915343,2.773931250360761,0.09828489620982267,1.3311885890078332,-2.693867152750113,2.3258285649324466,9.956595590997658,0.9264054843878112,7.958781612032966,11.355756630994987,0.13349715412206922,8.43264013948525,-16.26761142358721,22.896623144982517,0.17939906480408277,8.475770234601505,-14.710128259302204,17.06115221074909,-1.5200091283531196,9.249417554172242,-16.005715689530426,14.870847985632343,Moderate Risk
0.0224863766851285,1.2523935319563508,-2.439958933248152,2.773931250360761,0.12999936994889805,1.366870688955855,-2.693867152750113,2.279022385004244,10.300607688357994,0.7411815583879482,8.753141962671652,12.456939233697794,0.6277916687091666,9.126322774932884,-16.26761142358721,19.41177831393014,-0.23332732718094634,8.734715821427601,-20.50631829517253,15.743755574394148,-1.5773344747278912,8.172964655372734,-16.005715689530426,14.8003574283407,Moderate Risk
-0.08362809074320801,1.243804425522015,-2.439958933248152,2.4855065449858342,-0.1161207281494539,1.2530335380402555,-2.0779890287671856,2.279022385004244,10.46250692287712,1.0996205029372976,8.342720095034707,12.456939233697794,1.1150446711251787,8.739775222554734,-15.06155740062655,19.41177831393014,0.08849696679516321,7.623239608227158,-20.50631829517253,16.502663351398443,-0.3726467934527657,8.115532622464169,-17.478384014621277,14.8003574283407,Moderate Risk
-0.052182590325690205,1.241540073666232,-1.9006747093054197,2.2896130211749437,-0.09326272064175194,1.2311347061443079,-1.7564246522010196,2.4883970105205058,10.03307119970145,1.292153236500326,7.769091676158498,12.4440144349533,1.5583611973114968,7.3566586725682495,-11.94337941052088,13.541956934408654,1.414916207305747,7.790584196552201,-22.9816977315716,16.502663351398443,-1.7456668286012802,8.005186442629403,-17.478384014621277,13.95068721032735,Moderate Risk
0.12686864074294862,1.2598572871839644,-3.191137420856878,2.2896130211749437,0.08977914157333869,1.241780537630441,-1.7100801301731907,2.4883970105205058,9.636035202530104,0.8602446672521042,7.769091676158498,11.7272391911531,-0.1398762187075406,7.863153747203159,-13.971127361719484,13.443999681418193,1.0134113845192734,9.374687860940135,-22.9816977315716,23.18031192097548,-2.3589221997510568,7.2564006045939555,-16.007550679420802,13.95068721032735,Moderate Risk
0.04937447150565877,1.3459369095360363,-3.191137420856878,2.565666253960805,0.08133048664274396,1.4747008053802766,-2.561906268913213,3.764023257986728,9.817014170131449,0.7116946534485098,7.930481559485113,11.258935252755526,-0.9643102290828687,7.8201651027017265,-13.971127361719484,13.554603602153303,-1.2300316366046171,8.873061926432989,-18.741851892080497,23.18031192097548,-2.5747413228113607,7.390914306928472,-16.007550679420802,10.41743788495368,Moderate Risk
-0.05683009377318594,1.445993027974523,-2.7931190795164187,2.565666253960805,0.1441061549488274,1.426931313480859,-2.561906268913213,3.764023257986728,9.74824477631235,1.0223769647443008,7.654420362209406,11.258935252755526,1.1294409992827317,7.51715067753808,-13.44159913857094,16.912426602815508,-1.5062195625057335,9.712312069681941,-18.741851892080497,21.113648837199527,-1.499936556263629,7.515492362047395,-17.071963136005735,11.781972460089666,Moderate Risk
0.05648285359202651,1.3445130070737075,-2.7931190795164187,2.8156815887920783,0.09190030100745146,1.0462559675105554,-1.8021918226969424,1.906518267875784,9.607824376841887,1.1766859721767013,6.655774631522451,11.111927729024975,0.3804909878579435,8.69028391893584,-25.272704108361943,16.912426602815508,-2.0649491752611144,10.50615792181204,-23.416478740068552,21.113648837199527,-0.1055021791795605,7.789181932008363,-17.071963136005735,15.258354061455812,Moderate Risk
0.03966396333851574,1.2386910211655386,-1.887300486829787,2.8156815887920783,-0.15453706732111946,0.9405214114755565,-1.5641669145378965,1.906518267875784,10.12685482854023,1.2622276763221816,6.655774631522451,12.600066019050704,-1.8056485595722414,9.149421621021942,-25.272704108361943,14.484208700537415,-0.1032315046299928,9.760887741996068,-23.416478740068552,24.0736526119732,-0.6493842884263368,6.500636229348612,-11.623850838492228,15.258354061455812,Moderate Risk
-0.03663748067242593,1.1964914028569404,-1.7864072205382284,2.8065875298338936,0.12018465095907667,1.0224029883907748,-1.7077923325782776,2.397413728352574,10.072496018742987,1.1376233350635787,7.967548471709173,12.600066019050704,-1.04951275467579,8.541959645770998,-15.812754559965846,15.969357767529836,1.9891161338711152,8.773404448818704,-15.787386953007042,24.0736526119732,-0.8807370972447404,5.611920428165668,-11.623850838492228,9.28645047888273,Moderate Risk
-0.16398602181348046,1.1823918376216367,-2.2676373439174804,2.8065875298338936,0.4919375956088723,1.1825125547890312,-1.87043976647269,2.552405446671594,9.480513924374971,1.0442695546464948,7.409174544295771,11.796182712467887,-0.5182268063918368,8.515671715435763,-15.812754559965846,15.969357767529836,1.087684290543479,7.710484988597744,-15.787386953007042,23.48773273994749,-0.06460020172609067,6.055292054259327,-11.260591955970211,13.850018474324512,Moderate Risk
-0.40321245394547484,1.1192393404874987,-2.402070577481144,2.1179662249517333,0.423515873978619,1.0897454163803064,-1.87043976647269,2.9700775670031634,9.736867687664851,1.201301288157602,7.409174544295771,12.127809281672135,0.7342230924838788,7.790852203310034,-13.366502091402154,14.344421481732862,0.24389514172526336,6.766634203149743,-15.206193027079856,15.77905372914796,-0.5828047774986799,7.319914418029401,-18.08974770926224,14.899352975274144,Moderate Risk
-0.30189936749329493,1.117289947427097,-2.567553076264272,1.8358601860861807,0.30991104508961936,1.067109736600149,-1.3834394418565434,2.9700775670031634,9.904296302900768,1.136551224864202,8.161768054106957,12.19197225899426,1.88040380748703,6.801074921398688,-16.23641752960376,13.42230850470821,0.3336349984708144,7.989313912734026,-16.246370155728467,17.367498983344916,0.04095095596873219,8.845308342592576,-18.08974770926224,19.784140772949627,Moderate Risk
-0.26338724305217365,1.0871831211354337,-2.567553076264272,1.5177234321299582,0.5122385058435378,1.0319374115441655,-1.3834394418565434,2.509998522324095,9.833882756182286,1.2674201207470337,6.806869331271095,12.19197225899426,-0.5324159564129709,7.785859319922514,-18.0348613848358,13.360175906561796,0.5912820730114363,8.128673822527505,-16.246370155728467,17.367498983344916,-0.7331524772212921,8.982719569706711,-16.444370105576688,19.784140772949627,Moderate Risk
-0.1450702887336617,1.1403236936456154,-2.762541661282861,1.6609200370681243,0.23468899792662537,1.0590900357360749,-2.8176013612852127,2.089992796766744,9.9519651901579,1.5142623371420316,6.806869331271095,12.981492579149164,-1.0932553590020337,8.852184271311145,-18.0348613848358,16.536557499088918,-0.0013219641604181062,7.622983598324648,-11.76994956723376,13.530796812021768,1.3099264446460075,8.043948569296923,-13.711643496763948,12.1980533105477,Moderate Risk
-0.006383839476456672,1.2365047842676467,-2.762541661282861,2.0914397640621125,0.1954824543499824,1.0715103496743277,-2.8176013612852127,2.0686618517073185,10.248591170945454,1.5389054886855735,7.204650746932263,13.179180939934655,-0.4545433842083692,7.8190537853308,-13.886311443508133,16.536557499088918,-0.4609732983847645,8.668456110063595,-21.720785551977453,13.530796812021768,2.9005778705078735,7.984151587122204,-23.65625400783105,17.668918106767187,Moderate Risk
-0.015955236478773265,1.3354532738018496,-1.991841420309348,2.797783311068204,0.16535366899377008,1.0645741357219822,-1.6564180244807256,2.0686618517073185,10.029421807950628,1.3225040747153773,7.773576224011782,13.179180939934655,-2.6131232175535914,6.938769733883295,-18.571226104401777,10.4969856734053,-0.08863370226169123,8.698706255972997,-21.720785551977453,19.180173746361334,1.3551249565752632,8.439145735875357,-23.65625400783105,19.84163379997994,Moderate Risk
0.033315828419846226,1.1859535123000862,-1.9772322417235104,2.797783311068204,-0.38468725212324434,1.070554504341276,-2.1357878103881207,1.9956376538542169,9.658338671997086,1.0989302635896998,7.924737354198331,12.66266915101292,-2.2682060174265755,10.455750750760325,-20.353236963429385,22.81126116227956,0.7053684657563583,10.8133843564001,-35.72483090823102,19.180173746361334,0.6484199663966496,8.248070317437012,-13.964844284113315,19.84163379997994,Moderate Risk
0.19730089677823398,0.8248256063327366,-1.0941574579928128,2.493787940532035,-0.48983343188132067,1.0405733441480376,-2.1357878103881207,2.322182721918381,9.699990423520688,1.102076540868759,7.786673445033985,12.232278854859512,-0.09761580529545548,10.045778913302673,-20.353236963429385,22.81126116227956,-0.49078939553960144,10.278933944670458,-35.72483090823102,15.4348267520637,-0.6672583905017463,8.058693112801786,-13.964844284113315,18.061255123107664,Moderate Risk
0.09003751885715247,1.0472068415040292,-2.6643075778075365,2.425432319496906,-0.40218627386681827,0.8768222107216171,-2.0960752398193105,2.322182721918381,9.85898497545622,1.15640427632611,7.786673445033985,12.12339692756056,2.0301357632418613,8.291175117606079,-16.872472824167037,20.08594776438138,-3.2613784033358937,7.474661539025798,-14.767795637946085,8.00317530658936,-0.3291579120233035,8.139432861623183,-16.631347845434988,20.002091743840687,Moderate Risk
-0.2086279143473627,1.282115542362678,-2.6643075778075365,1.861376497677622,-0.11063515567013026,0.8941501795336964,-1.5415065977012163,2.466231291108856,9.819525538675625,1.2952530139986773,7.421859915301278,12.12339692756056,1.7738477954090357,9.647961666116817,-27.42060081404232,20.08594776438138,-3.1559617315250437,6.789243222944177,-14.767795637946085,8.00317530658936,1.0917138133136326,8.447721077404669,-16.631347845434988,20.002091743840687,Moderate Risk
-0.27081082093787645,1.2160284377861168,-2.5103523540317068,2.021259993817845,0.2558989665947816,1.030690225099588,-1.5415065977012163,2.466231291108856,9.76440774685953,1.0870973686724095,7.421859915301278,11.15454058981264,-1.4701136991662105,8.83775718148449,-27.42060081404232,16.262965153462137,-0.2903131243385359,5.832122965356662,-13.076368968070968,8.010255440534339,-0.4649182838275952,7.67099667102489,-16.329207565283244,14.831717488398684,Moderate Risk
-0.37626504861760174,1.840810551825195,-4.42997824667845,4.819555810562241,0.001812240903393884,1.2384285790514609,-2.406374876179275,2.215923686497264,9.935733621585916,0.9076183986180051,7.663843260327822,11.228682262825997,-1.53928091503034,7.189033687151106,-14.932541462643163,16.236438307369053,0.014487970821299342,8.383050756724948,-13.076368968070968,26.11431608695208,-2.2838350629590223,8.633443371585603,-23.67752291830745,14.51472734560648,Moderate Risk
-0.2968311510377788,2.3567093414736173,-5.340920792845802,4.819555810562241,-0.17097844313948818,1.0384624750827431,-2.406374876179275,2.155253049919421,9.96084035398792,1.1213878914330628,7.663843260327822,12.961547106234274,0.45074525234589147,7.832564064738713,-12.623092984210412,16.236438307369053,0.6995517409082483,9.22021424310477,-11.37306304061313,26.11431608695208,0.17217917623933393,12.340096338882992,-27.278944870848974,24.51058651310584,Moderate Risk
0.21413668606225647,1.797337030435639,-5.340920792845802,2.9958705396232426,0.19806153812697783,0.7426522979253333,-1.499082623487159,1.4272696543355157,9.99021165602469,1.1561290459101892,8.507080412085477,12.961547106234274,1.510128168741327,7.865611138980594,-12.623092984210412,14.830306074712777,2.2766012200210253,9.189223632038043,-11.37306304061313,23.388429300111703,1.3653911164088668,12.071445992830247,-27.278944870848974,24.51058651310584,Moderate Risk
0.283469772780812,1.200327118985551,-1.934038130324634,2.537452154761562,0.01744885496681187,0.9297896908385141,-1.8881218067886167,1.4272696543355157,9.819531880214084,1.29951742181464,7.650028115497134,12.789213314609183,-0.1226813009585706,7.185041079965252,-14.226224810040538,14.830306074712777,2.2078387160316906,9.148989851552743,-9.727984084907757,23.388429300111703,0.593827231745027,8.90904598322363,-16.06814339015936,17.783641600487478,Moderate Risk
0.33126522661236457,1.2087477911272109,-1.934038130324634,2.537452154761562,-0.35927639001303574,0.9879226639412597,-2.0252896897492367,1.8202864240030576,9.630582218784898,1.4403010800648546,6.198790628780192,12.789213314609183,0.6036743201527799,7.592474059903801,-14.226224810040538,17.251793340865493,0.046248441596154606,9.081682184936298,-24.66771834534844,22.06180739380473,0.45438329365676916,6.942992925285921,-12.681610881364731,15.011716890437851,Moderate Risk
0.1668444293515453,1.085248793113291,-2.460166851066424,2.2816615987035798,0.06688985350547126,1.2185942074091072,-2.0252896897492367,2.568370535803873,9.610161516475841,1.411914597794569,6.198790628780192,11.918314869839293,2.629561000104961,8.696075766208446,-19.926013906406567,17.251793340865493,0.08509463130680904,8.415795189558109,-24.66771834534844,16.599380011922126,-2.6791935360346404,8.01180430610437,-21.34206747421682,11.546392472544966,Moderate Risk
-0.40514356663872053,1.152743490052978,-2.929834285102164,1.5206185580866605,0.1974240052651921,1.2298703107483053,-2.46683972874746,2.568370535803873,9.861138250521359,1.3224410400055617,7.000163508730713,11.918314869839293,-0.11662825849623815,8.552691155927313,-19.926013906406567,17.06500861216083,0.11298713653179662,7.011292120687472,-16.210568438049133,16.599380011922126,-3.3368317796176017,9.26674312813419,-21.34206747421682,13.634596126085048,Moderate Risk
-0.1964861172805593,1.3995576062143453,-3.0594472136840167,2.4463703100579197,-0.0015463444336765728,1.0333543968598693,-2.46683972874746,2.185063909871287,9.947064363390883,1.1613608292262687,7.273627902738058,11.907649502053255,-2.3351526736477775,6.309400577981116,-15.845050628357312,11.881244509673298,0.6766395622843487,8.239485089931367,-16.210568438049133,17.625966095399143,0.6673332202347108,9.309257645525632,-19.81874714350002,19.19853999829417,Moderate Risk
0.14220015652038678,1.3395685926204781,-3.0594472136840167,2.4463703100579197,-0.1696080398909685,1.0717609504742573,-2.3770246169943685,1.8527407257133737,9.81235666849854,1.091895850654106,7.595993923281162,11.907649502053255,-0.03657263365715804,6.437263100945215,-15.845050628357312,11.881244509673298,0.11386361288419966,8.848010739117184,-14.179192086866282,17.625966095399143,2.1423960207728587,7.415933641786622,-18.701372514330835,19.19853999829417,Moderate Risk
-0.1711483064406331,1.258180536813016,-3.0378997542014945,2.4349078319388786,-0.1378728224401378,1.1341478864429073,-2.3770246169943685,1.8527407257133737,9.917569324523809,1.3707999116477558,7.494588372549995,12.46315105352745,1.6644300800498888,6.129612383783815,-13.839982330535454,13.172411364984342,0.46638768424858135,7.973048536792742,-14.179192086866282,12.83477947035018,1.1949089366146561,5.921134211557729,-10.56446591518976,12.440101923523711,Moderate Risk
-0.09845658407859911,1.2940922312222214,-3.0378997542014945,2.4095473150347853,-0.16971007537560973,0.9575929626100591,-1.592740845453776,1.780872663864837,9.888164346551008,1.300452755784518,7.494588372549995,12.46315105352745,2.5332678558007418,6.917004545785754,-13.839982330535454,20.53092458246998,2.1386620457390326,8.497636444944753,-14.485770441336218,16.920039068526577,-0.6629614397056809,6.04639707937226,-15.788327279950792,10.977870942942983,Moderate Risk
-0.056145927564031174,1.2612242200321417,-3.370469510829196,2.4095473150347853,-0.29557747243500226,0.8835553141890334,-2.123869603068694,1.2827020982856403,9.974468511325819,0.9371475721994077,8.166268212889062,11.31773156855566,-0.7582884287283165,8.780372514984705,-19.172395858975825,20.53092458246998,-1.1359310642522913,9.163395642755876,-19.71417641385156,17.95525390313768,-0.5913437164873749,6.046150394714,-15.788327279950792,19.567511445393,Moderate Risk
-0.3803881131328877,1.1812757051096416,-3.370469510829196,1.8927927564605675,-0.20207047416005874,0.9129332012647688,-2.123869603068694,1.2827020982856403,10.086025520278572,1.0538838488756657,7.756555165185613,12.185765523803347,-1.645340777805455,7.9760707939959214,-19.172395858975825,13.205882479998808,-1.7992146873464105,9.114186123591091,-19.71417641385156,17.95525390313768,-0.7333140657997127,6.5156862910316296,-14.27006940949906,19.567511445393,Moderate Risk
-0.16815483820463867,1.543438008364727,-3.418232506381928,2.5541613222019204,-0.3784004512391161,1.23464389104231,-2.665480200930149,2.8583339800987493,9.47988119409678,1.3544040330287808,7.133078816223124,12.185765523803347,-1.1351847793060865,8.543320693391477,-18.645307824299135,14.326848107567365,1.174936394372086,9.301877873687705,-15.094204438339911,16.13896377916537,-0.025062292815525477,7.682151701766066,-14.27006940949906,14.483020921106204,Moderate Risk
-0.02641547765366842,1.4608977377663868,-3.418232506381928,2.5541613222019204,0.07086925370751028,1.3112779233226255,-2.665480200930149,2.8583339800987493,9.12364994036609,1.2121682842906003,6.86573331401949,11.660202893808927,-3.6001599835185902,8.432020177390935,-18.645307824299135,14.326848107567365,2.0974787893005256,8.765481869454682,-11.284896048948886,28.819320193684234,0.7461318074730493,7.251590540713069,-13.926877515959836,14.483020921106204,Moderate Risk
0.035940226965576506,1.0141203145367297,-1.6837660897067996,1.92623761825143,0.3084380928024673,1.0570865924554849,-2.328516270610032,2.169868810978978,9.609815602604261,1.1600726754121398,6.86573331401949,12.219338061375623,-2.0457808757587395,8.040591553727856,-17.985046928506566,12.904646267814291,0.5228435514397437,7.654749828658807,-11.2425836382358,28.819320193684234,-1.033173217111944,8.074173801699452,-19.60277348062864,15.069792442761608,Moderate Risk
-0.04231093182626655,0.9948807647636616,-1.6094517742404566,1.92623761825143,0.10901636757243915,1.1552699805762208,-2.438188267586569,2.1136830599233383,10.124685639058214,1.1510348377668844,7.992612650358904,12.50919215037457,1.0415260634447336,8.023522198786923,-17.985046928506566,18.58455461776733,-1.5790441710018788,6.370844536084075,-13.204600479733234,8.407227943064667,0.42028497005632665,8.464107598552477,-19.60277348062864,15.069792442761608,Moderate Risk
-0.09728566079832827,0.993988657616746,-1.9441132070340683,2.0931735029079275,0.16113422066455144,1.1784532291250684,-2.438188267586569,2.415547019320779,10.12983729535942,0.9568866427451733,8.55111556849112,12.50919215037457,1.2982783048121294,8.346527959608851,-16.242201210778692,18.58455461776733,-2.490160968366929,6.041262007006239,-13.204600479733234,10.566452270125586,3.7864459892014826,7.452820610257053,-15.40956580526818,17.05411167392452,Moderate Risk
0.05167047397336802,1.1481160734058524,-2.805610460149861,2.2102536025094883,-0.02488080996773106,1.1938808419168252,-1.9354211217170023,2.415547019320779,9.814492613602889,1.0441632014746793,7.395181788814968,12.062664659719816,1.0079556039793003,8.988236935992308,-16.39550793318859,16.420460265408803,0.21052402516340846,8.125541359858314,-15.56649416049262,20.08182518022169,0.6741511504287313,9.215951043528596,-15.40956580526818,17.05411167392452,Moderate Risk
-0.16655999510910563,1.2192315351907559,-3.1492933992526617,2.2102536025094883,-0.2546925257910681,1.119374029827717,-2.2204532218582096,2.2925227585600965,9.848492653069037,1.07952646868099,7.395181788814968,12.062664659719816,1.1228352553028171,8.291743387351822,-16.39550793318859,16.420460265408803,1.1807695037237598,8.98398944401202,-15.56649416049262,20.08182518022169,-2.188693448916356,7.992858035865986,-13.826479711491944,17.578064060562333,Moderate Risk
-0.2547678234817495,0.9887879558885672,-3.1492933992526617,1.4735853715027212,-0.3397329440075288,1.1357642184071643,-2.7111314057226417,1.5593831978181143,10.031389938451024,1.1507312288519367,8.190893688234546,13.600730141506396,-0.259624459543968,7.389319853605931,-12.948381318466952,18.044135863492173,-1.3054464346889598,9.383990828480103,-26.942445863486864,17.86977630370535,-0.8529199665842564,8.557289190987813,-19.94858740734145,17.578064060562333,Moderate Risk
-0.07438394393779804,1.1105482472901547,-3.558252635862409,1.7693523919282028,-0.48770326637905437,0.9954205739045564,-2.7111314057226417,1.4918304229738268,10.014122478237077,1.2916698838822507,8.190893688234546,13.600730141506396,1.3965519143660272,7.621071932348596,-12.7004539814262,20.814673502705283,-0.610364527801801,9.381428278012187,-26.942445863486864,12.577010691777158,-0.4657373406969055,8.607579581286348,-19.94858740734145,18.82884185830756,Moderate Risk
0.18561856754094,1.2491856491872806,-3.558252635862409,2.294272997396933,-0.2711236743526664,1.2888287599911354,-2.6303823582292964,2.725889350685472,9.916333135464624,1.1780030649330726,7.699975165929085,12.872208113486828,1.779749690883373,8.989498379488884,-14.780780456140498,20.814673502705283,1.6076327265935675,6.658295481710504,-14.75917150579751,12.577010691777158,-0.6926538535992255,8.204128134133045,-15.175148755976473,18.82884185830756,Moderate Risk
0.3624738039599009,0.9190181999335886,-1.5698630374756448,2.294272997396933,-0.01879623878222077,1.2567509705250781,-2.6303823582292964,2.725889350685472,9.63109464204709,1.3898474453580045,7.458049377555768,12.741843028616882,0.3374205561330555,8.442502108483849,-14.780780456140498,19.562391720969657,0.524042532731428,6.333192389416363,-13.435875666851672,11.52404258840122,0.9145558038532762,9.937379687083247,-17.704176890628258,24.157225138704344,Moderate Risk
0.16084924310259238,1.1779232754002626,-3.2283307576242417,3.016372161850683,0.06243762765840815,0.9482726077664638,-1.6351203356993556,2.152157909852614,9.696725272613246,1.465518479642027,7.349362529320436,12.294549978424886,-1.1684904425995513,8.418793869307105,-18.734379550952703,13.74357887903716,1.1516244007237058,8.578971217348123,-20.956040665966093,14.054837919697126,1.475177802260099,10.360109876228238,-17.704176890628258,24.157225138704344,Moderate Risk
0.012738169988911011,1.332275325010761,-3.2283307576242417,3.016372161850683,0.37183663382375426,0.9426517309463621,-1.6351203356993556,2.221384874422938,9.735646834518977,1.2249180632015098,7.349362529320436,12.294549978424886,-1.1491955394957365,9.320294839928856,-18.734379550952703,14.599113215385897,-0.49097293573587303,9.873176718584014,-23.976587513948022,14.054837919697126,-0.670697746448796,8.450699489096817,-17.832225499198508,15.46902580834117,Moderate Risk
0.18328244907357802,2.658946900713987,-5.481422148582347,5.542833436408459,-0.5194025595093482,2.536702400379592,-5.914952869330015,5.8745016219848125,9.629770373551882,2.0972500839287727,4.599948412051669,13.106355342479162,-0.2766625665394085,15.95652375881283,-27.41860676709308,35.614640321895074,2.5850766547292086,16.597964303547275,-26.628723370114013,35.60801339409888,-5.168358204209658,16.64669404257004,-39.96848595032492,29.736980214829767,High Risk
-0.04776305495373614,2.696068903513303,-6.041834125363988,5.542833436408459,0.22518615872965286,2.2662614181709912,-3.981844396185183,4.678023628733775,10.198409322491326,2.293908136797368,5.257506884372701,15.40321096200389,-0.8917324659432897,17.300712665232563,-27.41860676709308,48.379943835097706,2.4346391775840703,16.02520814362596,-28.826409625310703,39.433244028504426,-1.9698343681570403,14.362327483343478,-40.8402528831365,18.49348150560637,High Risk
-0.08894015768394156,2.3925988240627265,-6.041834125363988,3.9977280225781375,-0.44875411601390963,2.0704276570391222,-3.981844396185183,4.678023628733775,10.360223527046005,2.131566837068901,6.530440235537806,15.40321096200389,8.078496184680215,19.55814448055411,-26.36891242248635,53.12153876300286,0.1659822630169451,18.225157818717708,-28.826409625310703,39.433244028504426,-0.07992243855169102,15.102271228682092,-40.8402528831365,21.346245539958904,High Risk
0.49796293769569394,2.2993313876112897,-3.585663522403497,5.207113158922782,-0.3856889409090305,2.513632623969534,-3.8490503155308433,7.758003190285242,9.839327914165459,2.1680243748374033,5.362976290212095,14.712432807746431,8.253336861762333,17.715955715964828,-18.971207617311983,53.12153876300286,0.3943960714953752,16.5235411781271,-27.660873528957996,30.159405370087747,0.2350603196722321,17.393312911545536,-47.084009807052304,25.43049458528842,High Risk
0.39641698369606476,2.02931808722272,-2.108563170020088,5.207113158922782,1.1902660465479609,3.1337648802748705,-3.602520928869237,7.758003190285242,9.43742410465157,2.4004545362518486,5.362976290212095,14.712432807746431,3.790522515010126,17.392414926257448,-26.70259007716932,48.31968208492324,5.236300480945877,15.075207726075385,-25.471167718811746,31.45671971535704,-1.7393942043684476,19.436812376326262,-47.084009807052304,36.82984470542113,High Risk
0.04617976631533797,2.004298655703441,-3.15534857447088,5.204379031216682,1.123526806384692,2.887321020659013,-5.835839548399525,7.504171594475788,9.511258666503048,2.4184828423762665,5.484947928817889,14.042223037151365,4.001744415232807,20.04604485727461,-30.448513867274773,48.31968208492324,3.2954107984515555,17.309233102207017,-40.71283500083906,32.40925403928478,-2.709187661832536,18.959996225410112,-35.67569875387327,36.82984470542113,High Risk
0.24075613876748395,2.355130404401542,-3.398449726974167,5.204379031216682,-0.041248541523423506,2.236262772781539,-5.835839548399525,4.234854259202795,10.01010695614906,2.626813103650612,5.484947928817889,15.198674119904087,0.36358700159306684,20.74461778017466,-44.16924196855973,35.24871814107353,4.768293900874166,16.247759482822264,-40.71283500083906,37.7475399217229,-1.3828072093930552,18.178943828057125,-36.62059412248385,35.32699499641748,High Risk
0.16242870623282293,2.3609321662877365,-4.866496694128073,3.801513636827436,0.07796763818689767,2.142682644327057,-6.359503251537499,3.285031856948178,10.064297917851611,2.816760902610696,5.116342909288348,15.198674119904087,-2.363625573905938,18.89299761435427,-44.16924196855973,33.57532786734724,9.160112429042078,18.345156210521882,-39.11264222325678,37.7475399217229,0.15035169246319788,17.978424319160315,-36.62059412248385,34.50234966900355,High Risk
0.3438410917343268,2.4315702196111295,-4.866496694128073,5.635955985089848,0.6181618595488662,2.2749828407368478,-6.359503251537499,5.829959240172942,9.317797648938738,2.9180840214754014,3.067356288037777,14.465691638446549,-0.4306514057478673,15.561876447192999,-34.11964576326222,31.30733536360876,1.8850857267069474,20.42531042714042,-39.11264222325678,31.510407997453846,0.1253997972504427,18.082691422544475,-33.09290712887141,34.50234966900355,High Risk
-0.06433711897328342,2.3176593802018983,-4.539614947049731,5.635955985089848,0.4651261765788756,3.1542103959051726,-8.569138820762495,5.829959240172942,9.26860067227254,3.0111624380747184,3.0030348862480736,15.28642533565696,5.586417391819614,13.759750182412551,-34.11964576326222,31.30733536360876,-2.5485989305451318,17.04064544331707,-37.31240336909587,32.453021931096885,-4.34732414863838,20.34130940989107,-46.63664033507433,26.639741537258445,High Risk
-0.40987632247140593,2.5394889241802527,-5.086598095029955,4.119726604248257,-0.4872520641249647,3.065075827230672,-8.569138820762495,5.596802739750052,10.192779044098312,3.1685708527211713,3.0030348862480736,15.306006916227508,2.371780473438255,15.866700784893078,-33.19568545362324,26.44536265981296,1.133948460470485,20.57872970491815,-37.86732538362152,43.98250742701119,-1.5993175624909304,22.802822628985794,-46.63664033507433,46.077475365668754,High Risk
-0.02938097834619202,3.0301817012309353,-6.132068386719935,5.409388755877008,-0.2427422783215614,2.4957030730040777,-5.199473340401585,5.842505777610054,10.206917160823444,2.871786138763456,4.885315540588542,15.306006916227508,-2.0621863923745862,16.82121195028187,-33.19568545362324,30.12510160802623,-1.8444627615176743,21.860653180720156,-58.43949085998146,43.98250742701119,0.498941094295844,19.471790462065073,-25.59202970429053,47.89367191701351,High Risk
-0.12669292699532342,2.8904068692844045,-6.132068386719935,6.82914750110161,0.27713010920044706,2.5680868783266932,-5.43516597423268,5.842505777610054,9.982836790598387,2.7668242723943166,4.885315540588542,16.55431407773554,2.3335596485142465,14.872746512971284,-28.35580403954688,30.52879229048616,-5.336135870122448,18.653256368951418,-58.43949085998146,26.874352877199904,-0.415631684382922,16.43889593070912,-25.59202970429053,47.89367191701351,High Risk
-0.2975508674959324,2.4844446480620723,-4.5877958552678,6.82914750110161,0.15543114630985885,2.2838253869851806,-5.43516597423268,4.814824537776415,10.595834377732588,2.9037370643625673,5.237382174358197,16.55431407773554,0.15570330756520032,13.615455461789574,-31.72900751741896,30.52879229048616,1.2537409822332888,19.50918154907856,-38.4653103044132,45.32223228940477,0.49757558251962536,17.080340204277125,-32.530180367889855,35.46310677032589,High Risk
0.14591144793706606,2.225893975222326,-4.5877958552678,3.843156935757941,0.08593556588822907,2.3487316156153284,-3.957701036661296,4.425563149978082,10.2653045623984,2.6950795807134957,4.768240236953536,16.49450776871852,-4.8117292087553265,14.194980051959698,-31.72900751741896,32.91696580693489,5.232505718117546,19.419435648279503,-38.4653103044132,45.32223228940477,0.06295124049807464,15.411687516937478,-32.530180367889855,32.9875723524376,High Risk
-0.3866581135968038,2.6962432571727772,-4.874025978859288,4.619562507828872,-0.010281555511869097,2.5627154187280277,-4.9072380163498295,5.036056141627146,9.56874682635539,2.3339055220010887,4.768240236953536,14.556413646710004,-4.469867018218565,15.577039779143218,-31.27760046095353,32.91696580693489,-2.3969450530693948,18.252178001595283,-33.85938608611339,39.4322580758029,-2.427786625297584,11.651166597554326,-31.354231511222803,25.308831473360488,High Risk
-0.3584776573738087,2.849267258125797,-4.874025978859288,4.831989638332494,0.1416755734321417,3.129769175374468,-5.91758171029694,6.197423858498534,9.753410823306327,2.504785899456525,6.2692028860882205,16.168744405958627,-5.861109808945774,14.468658645748908,-32.23229266478486,30.58679850944741,-8.099745744196229,13.67635365513509,-33.26368448523356,22.422028742308363,-0.27696497375542883,14.973172896835067,-31.354231511222803,33.16157261374952,High Risk
-0.1701488003855046,2.4161239373286114,-4.3877243535753365,4.831989638332494,0.023893625847432213,3.068416690649246,-5.91758171029694,6.197423858498534,9.555270394378946,2.6552160602136397,6.2692028860882205,16.168744405958627,-5.038286325638304,15.202360690722239,-32.23229266478486,27.746651545319924,-2.9057174154824335,16.292832272885367,-36.01902419119729,29.053701392535714,6.188649878501539,16.39728069949791,-17.987969751994726,46.83710850340563,High Risk
-0.8398059689382165,2.3106279737164543,-4.3877243535753365,4.539354812103206,0.3848286483223536,2.5313869818365733,-3.989036322578373,4.9020579087475,9.955077272022688,2.462520514899019,5.762662719529953,14.54374080179263,-2.372236473693017,19.418590485112215,-58.26588647574365,28.463664886988116,-1.5815283388742467,17.83056157682601,-36.01902419119729,29.053701392535714,-0.39713136388580694,19.98277357745003,-59.71172978319921,46.83710850340563,High Risk
-0.026983995474410178,2.653737730812223,-3.614696864880029,6.197115142333668,0.2853673939601927,2.519934522117756,-4.957259416562176,4.9020579087475,9.975453752686894,2.5091328825477146,5.448944301951149,14.5619548502765,-1.5564744424063823,20.045167260647272,-58.26588647574365,31.437656940805542,-4.601911855391154,20.73917270645045,-38.45336446863724,51.68655679248006,-3.56007434625612,17.564389401749292,-59.71172978319921,23.014733279754225,High Risk
0.115210733728133,2.88662404718901,-4.803859258211213,6.197115142333668,0.16349306932170599,2.832302499591924,-4.957259416562176,7.318422245545452,9.4592472053524,2.2340447612651864,5.448944301951149,14.5619548502765,3.821996855453897,16.65578565406246,-27.535617503434192,31.44830817920192,-8.167362187379277,20.79457094956363,-38.45336446863724,51.68655679248006,-2.7197991795564733,13.68896543415237,-28.820286409428807,21.037180884161813,High Risk
0.24553200823688595,2.803645475663319,-4.803859258211213,5.268892499825432,0.0371577466595436,2.714563152698601,-4.870285505941033,7.318422245545452,9.699724964189418,2.0644358377292287,3.919541714326479,13.538071613708444,7.592312241568796,16.16556291827417,-35.96593274501292,34.469213536015374,-3.4125171066673405,18.82745849719764,-38.14167209487604,40.01535437589559,-3.654518764293641,15.40630150130489,-28.820286409428807,33.369657200394094,High Risk
0.26414253461274023,2.4469829286698603,-4.1012771571766375,5.268892499825432,-0.20577020725649728,2.1889953007959737,-4.918265806306487,3.879101320440873,9.411637068609641,2.060776330712151,3.919541714326479,13.538071613708444,5.833354768081809,20.592933187795897,-35.96593274501292,46.61290209768021,-0.6199166139881365,18.33373240721725,-30.831874345957704,40.01535437589559,-1.7855009101330206,16.127767358686413,-31.494550779563625,33.369657200394094,High Risk
-0.32021977944985003,2.336133602358635,-4.1012771571766375,6.340713897598588,-0.4777976861713398,2.562096288228958,-6.683297394566012,3.879101320440873,9.818441568055606,2.6132193205667065,2.3166169548224183,14.523570917132863,2.187930464631761,18.928598691501215,-26.10268366677913,46.61290209768021,-2.762544870512868,17.159120416339846,-30.831874345957704,30.26326329078901,3.2197303702332776,17.673157671518428,-31.494550779563625,43.54268887670493,High Risk
-0.4163839906769624,2.8360110149795714,-5.949445554187836,6.340713897598588,-0.5549537738738765,2.593858092539834,-6.683297394566012,4.108087214687439,10.76222178425163,2.8123095614178006,2.3166169548224183,16.334862918309216,-3.402976652987889,16.641330496225024,-47.92204146207615,25.07643404057336,-1.5274422914658383,17.139535757701484,-41.63507947358767,30.375037199727217,5.8362460949453805,17.512181948440187,-23.42419178150711,43.54268887670493,High Risk
0.1803154117904483,2.845821427953337,-5.949445554187836,6.161754960805411,-0.16437716758552623,2.5359238001727995,-5.523049048008951,4.108087214687439,10.054442059436521,2.6457038700004794,5.61935144751075,16.334862918309216,-4.142378288945106,17.996222224380126,-47.92204146207615,28.83942680032316,-2.6495072878824737,19.923876165767876,-44.59506532882286,41.53029721012779,-0.3471627914842041,18.11606905343548,-38.80754600924634,32.96738054833016,High Risk
1.0194162869556167,2.069879983398461,-3.426382381901752,7.081349202934836,-0.12015575020132307,2.654396418665998,-5.523049048008951,5.194829104012078,9.059129870369587,2.640535767158894,3.838359292642737,13.74422542905452,2.4143075973955463,18.094547844700926,-46.47575051550633,33.878140141025625,1.3885153738667226,22.07180743713792,-44.59506532882286,41.53029721012779,-0.9854423629816423,18.405861623306876,-38.80754600924634,32.96738054833016,High Risk
0.6306359738334049,2.203943727098336,-4.999829763193651,7.081349202934836,-0.181719251441845,2.3454310587582157,-3.833805605799091,5.194829104012078,9.86523738162984,3.06102742040763,3.7567531574005137,15.7610979011754,6.2950382462888825,16.299293792112696,-46.47575051550633,33.878140141025625,2.260386798829545,19.572752520509336,-33.886500079922165,35.308487227838995,0.5055761462172109,18.16333885109436,-33.08308505684858,39.38538988038466,High Risk
-0.16812541462016178,2.3944384158889354,-4.999829763193651,5.898631556215809,0.10785543328239779,2.0968439613245655,-3.346733093698554,4.200153812005628,10.282005134735897,2.481295255167996,3.7567531574005137,15.7610979011754,2.2035114034351966,18.719485191633957,-52.28463192905841,39.13654102238921,-0.9834547418055541,17.024889595411366,-29.75720111586381,41.50178113311589,2.144649188796026,16.174574511726018,-33.08308505684858,39.38538988038466,High Risk
0.16554281930109435,2.41383091151033,-5.888557969088966,5.898631556215809,0.4021216218477572,1.8844410287151312,-3.216736006228742,4.200153812005628,9.864654716964784,2.021070441606228,4.742700174073331,13.00536200543039,-2.254078495508579,18.732440880721146,-52.28463192905841,39.13654102238921,1.2431574562753334,19.315600739504617,-32.49990592812533,47.99641878954285,4.3946724419345555,14.764237143515114,-20.65957084608971,32.98005155613544,High Risk
0.6178093412016644,2.2186010745706883,-5.888557969088966,3.455597659056586,-0.23175657018006213,2.563567314024949,-7.121713827034388,3.947176268339727,10.09068670795014,2.118128999777216,4.742700174073331,13.527067995789356,-1.7717134277192024,18.360472626420417,-32.08661845212198,37.555001267128304,1.5737797446422443,20.315989621620812,-32.49990592812533,55.17946617076653,3.3647497171679865,18.831079257750652,-38.527210047042274,35.56374583008263,High Risk
0.25335276190527456,2.6260080858744983,-5.052904399913802,6.733122466858214,-0.6751405312595368,2.924973259183208,-7.121713827034388,4.466952089768799,10.252011662019493,2.6781747094744173,4.559373590940964,14.958487473648583,-5.020683473104806,19.28222561323416,-40.855458697590045,37.555001267128304,-3.1491151651929883,18.61530826145658,-27.73886804940462,55.17946617076653,3.3063460883829796,21.4352287860513,-38.527210047042274,38.93166004961483,High Risk
-0.06674205514339103,2.721968612180835,-5.052904399913802,6.733122466858214,-0.5090959032349526,2.6023844193655803,-7.272156080679567,4.466952089768799,10.257112183458515,2.827768941041101,4.559373590940964,14.958487473648583,-7.907697387582115,16.356188948485794,-46.56309289749068,25.08903819088929,-7.165919150945093,17.003866635258518,-41.47366137501149,32.89984202454641,3.053377395617218,21.089399433629122,-31.458230424520305,47.28379123069946,High Risk
0.0532054619854532,2.635182321750104,-4.543979597373936,5.569928661345101,-0.20094182677320685,2.1181696588238763,-7.272156080679567,2.9465948651039846,10.662285443126757,2.6314458392069766,4.782784118564545,15.012210120058729,-4.0109571502889105,15.85257538432833,-46.56309289749068,23.144644513326792,-5.360907543550356,18.463861951356655,-41.47366137501149,32.89984202454641,1.4130071437027845,18.48120922417242,-31.458230424520305,47.28379123069946,High Risk
0.17543284072894413,2.4123557898811314,-4.543979597373936,5.569928661345101,-0.27795034851911743,1.754425469389082,-3.841452541716983,2.9465948651039846,10.328507965631745,2.890730290034434,5.54868064399667,16.422470155318443,-1.2494467371679803,16.41388136887117,-26.26181784543711,35.255342153538706,1.177421150279051,16.12507922132787,-41.024529902887245,27.72121031537086,-4.144359314865885,17.766312379581453,-31.875979432213096,37.08892784957627,High Risk
-0.2765992094302217,1.9742912069604512,-3.822347263375208,2.903269864670932,0.18931901876770746,2.6549211691925954,-5.022003738926703,7.129904698896007,8.826616618917576,3.2013259033711785,1.81275580029164,16.422470155318443,-2.4940096803446123,19.936025685559247,-45.19073259178169,35.255342153538706,4.393845693519783,15.254692004728557,-37.17447637366801,34.24046140294919,-3.513903737024764,18.25949429820509,-31.875979432213096,23.90935394007152,High Risk
-0.18296858258878007,2.5408595928365063,-3.6568489121193393,6.550863999959829,0.3282301993287679,2.6410144886947267,-5.620237981927675,7.129904698896007,8.842911773070718,3.195474002094197,1.81275580029164,15.96272282959027,-3.5493378936664772,20.47966463333954,-45.19073259178169,31.598039132312763,3.288213562010385,16.3607878780841,-37.17447637366801,37.99985245931652,3.1953202573463,19.42465805963232,-36.2511399055219,45.3687618864185,High Risk
0.25593073731500265,2.674855099072222,-4.934931853529029,6.550863999959829,-0.014756884275502842,2.041029532459679,-5.620237981927675,3.871664607986805,9.926157714047065,2.8162325233085865,4.555559048900717,15.655426689518642,-2.49125056238715,17.765894196232562,-41.253432214036096,29.00564194362752,-0.570834158962049,18.856785141543178,-30.70483710100338,52.1153943819839,3.186260542455492,18.34699012610226,-36.2511399055219,45.3687618864185,High Risk
0.16876245894063296,2.574724015486012,-4.934931853529029,5.620686922051426,-0.6149130399366765,2.996868119920775,-8.620107285595228,4.697119044779823,10.401336776659681,2.7067931155089884,5.609574376774098,15.655426689518642,-0.9252066492635271,15.431826079930866,-41.253432214036096,30.192446373180235,1.915914360527405,22.76262036042608,-30.70483710100338,52.1153943819839,0.7490942019525183,18.277403004778357,-44.14555095702471,33.224020438708344,High Risk
-0.2755095497229051,2.6075125192011046,-5.662695454763922,5.620686922051426,-0.10788986949324278,3.335166828044772,-8.620107285595228,6.496361822440836,10.273860752887327,2.3756413294641883,5.609574376774098,14.626577216652706,-0.8410244370347123,17.02600936152302,-36.17595813231055,32.49443992729136,1.870826467071431,20.215219573811446,-38.0052080183899,44.38851612445316,3.731283521780956,22.46677299120377,-52.11593520783938,46.9807536596132,High Risk
-1.8154290769197374,3.5974515089499604,-9.635993505050694,3.5856161706759293,0.9398367035138758,3.2307068686689897,-5.628517451602114,7.964226679447556,10.125202298812114,2.2595958570195673,6.324418480334652,14.998594528480089,3.734602075023267,22.0301031457899,-36.17595813231055,43.25989804160943,-0.7155368248016238,18.58362962305572,-38.0052080183899,38.99608430969452,4.36601713516425,23.69413517924037,-52.11593520783938,46.9807536596132,High Risk
-1.6037643215866615,3.597297667797913,-9.635993505050694,4.212287949170161,1.2304442534926983,3.1748162364509125,-5.628517451602114,7.964226679447556,9.495165273602579,2.5323833747506184,4.920350930950442,14.998594528480089,2.750321967244924,19.29255906419404,-34.36550312936469,43.25989804160943,5.579602152010494,19.548112106586938,-30.742710435549583,45.55574188485926,-2.0147277325745176,20.45811116822701,-35.009785281648085,43.3877313015237,High Risk
0.18800301057193688,1.9838158336353917,-2.938647478157171,4.509055147580187,1.11756162038317,2.6695575840549437,-4.370745901954085,6.463460280125256,9.318308730951355,2.0300901044164363,4.920350930950442,14.019053347690424,0.002785783677636363,17.474197585577993,-43.48501750248822,34.32941570728177,0.4182402303890504,20.2647199463207,-36.74283829078367,45.55574188485926,-5.185247932773691,14.486941159130316,-31.730748079338973,29.04792998293417,High Risk
0.49371066239433326,2.0727676720095602,-3.970534379084021,4.509055147580187,0.5435659692413645,2.443000860913193,-4.370745901954085,4.749374882117387,9.701392077604746,1.9037854964297882,5.1259301877446095,14.075039555543732,4.362672054994325,17.8904003040861,-43.48501750248822,34.32941570728177,-4.027516757374469,18.135339778256615,-36.74283829078367,30.4627760808664,-4.921286586246639,12.3677606127402,-30.80906746458117,20.631082333425237,High Risk
-0.013330903142440781,2.1576640380975616,-3.970534379084021,3.68991173710615,-0.05477666645843744,2.4414848885262668,-6.152223937929696,4.319687949443764,10.024929298049795,2.4775278132241647,5.1259301877446095,14.075039555543732,3.65484860104142,16.628719469269853,-27.7315374439898,37.06089921536894,2.6891006036603886,18.74239332855788,-34.12276542980435,47.04277598882008,-3.7283054699904645,19.326253696900583,-41.9103282379385,31.49331585764731,High Risk
-0.020868049063012335,1.7836368337073685,-4.109816814623127,3.68991173710615,-0.1971705630494,2.1825839476918962,-6.152223937929696,3.5515350186062014,9.859646262385414,3.0406797697285883,2.571834950327437,14.6792741061856,0.6648945406739125,19.449187188534456,-27.7315374439898,43.022810569166765,0.832986660288513,20.698818728803435,-47.02259477725592,47.04277598882008,-2.5682501496764583,21.960066658345312,-41.9103282379385,31.49331585764731,High Risk
0.12346570542577297,1.8649273865176708,-4.109816814623127,2.877575353338848,0.10833106153763208,1.814768459957177,-3.95684013818512,3.2462796493105324,9.44758494255641,3.0014819755776014,2.571834950327437,14.6792741061856,-0.7137153879194688,19.86800915219631,-34.086985709981604,43.022810569166765,5.934899035117166,19.80005711270644,-47.02259477725592,36.563897604199454,-3.22300657038759,16.827823262447176,-34.81972981796827,29.604931409951615,High Risk
-0.3885224887320177,2.2343488195345063,-5.197516977657301,3.17017650198808,0.3007857169004325,2.287346767719328,-3.95684013818512,4.812447576401279,9.52093287897791,2.7692330618398886,2.353645218991548,13.368599942174551,-0.44745122399292286,17.372806552135174,-34.086985709981604,37.33889424155464,5.915998846926301,17.07908332602667,-33.3591206721459,36.563897604199454,-1.745222920888967,14.623446687839138,-28.905487863399664,24.037248313900275,High Risk
-0.15391357493355665,2.987854749238361,-5.451102800001375,7.1174636218855785,0.3650618826173511,2.2477630819303522,-3.320071392578652,4.812447576401279,9.921819183447083,2.691401503709829,2.353645218991548,14.59199396395621,-1.3362192827403272,13.68963252680671,-26.587476641707774,35.336142209672126,-1.4922359320516136,14.198478610665441,-33.3591206721459,25.362822935589225,-0.9370129998483774,16.848751390806175,-40.08342507986799,24.037248313900275,High Risk
0.3107576157558728,2.869660038559888,-5.451102800001375,7.1174636218855785,0.1125239051147211,1.9416898806050582,-3.2885105440845184,4.703110000878514,9.983108261339133,2.868747079154972,5.005888792678119,16.561822366701346,0.37655956733521695,13.890976653433603,-25.798498132089343,36.60656206909077,0.22166787212600003,16.592609830493217,-40.6847682325165,34.903547749922865,-0.0782214492739796,23.25753979065194,-46.562114332149214,48.75216339813311,High Risk
0.4506023115495005,2.5578262168962644,-5.665694222440404,6.261670362708679,0.14484977204341787,2.1991166143953333,-3.667064924846424,4.785910121077319,9.988454738370592,3.0913716421553543,5.005888792678119,17.79251821354077,-0.13310415832468742,16.474983693405008,-41.969483592682096,39.65312793074076,-4.462510220378045,20.30702430205904,-48.150972508235725,34.903547749922865,2.1468404223755186,22.403204222671032,-46.562114332149214,48.75216339813311,High Risk
0.09157318938104257,2.3618590049336747,-5.665694222440404,6.261670362708679,0.24387340594110243,2.1945514475855403,-3.667064924846424,4.785910121077319,10.382177395390164,2.562920429077296,5.898915037922752,17.79251821354077,3.7132209301844137,22.684997324269684,-49.27206701183547,42.11453427445669,-3.7864359705180344,18.611501831639146,-48.150972508235725,38.38479291210038,1.3784487494386928,16.960266012497197,-29.10753782330612,29.561236798531095,High Risk
0.06121969108231105,1.8554427206972286,-2.5806840832896687,3.892691913914332,-0.039037593456800614,2.0733376194045037,-4.763849719170393,3.3462573186986795,10.034447832732493,2.085698579304767,5.898915037922752,15.695308465984445,5.103939438635973,25.5045202768359,-49.27206701183547,42.40742653689527,2.3751967063625217,15.764194023889198,-25.872497236560232,38.38479291210038,2.0120895012978286,15.70203367110962,-29.10753782330612,37.48535665539731,High Risk
0.3076031536993866,2.287665162741526,-3.7615045317086,4.560945976197749,0.812962234369271,2.632863429585634,-4.763849719170393,8.239761149818877,10.010196761192049,1.8821000015774447,5.470243657616241,12.612181456981556,5.433448528054599,21.75385534921167,-45.990091175143945,44.60732365780548,4.9674957381470035,17.988217649471085,-46.86726071660953,37.24585432054885,-0.3789657694825013,17.500570588582512,-45.68285480527823,37.48535665539731,High Risk
-0.02103658327483495,2.5192140104435974,-5.705300935439423,4.560945976197749,1.3623804764811307,2.3537872931483883,-3.9232483455723792,8.239761149818877,9.887235448337861,2.2937968724181643,5.470243657616241,13.612835736849211,7.155195673396478,16.94868557923282,-23.225403182044676,44.60732365780548,3.1926350010010536,20.210759069261506,-46.86726071660953,49.93760626704172,-1.1101739217536697,16.645660026541417,-45.68285480527823,23.07068394662999,High Risk
-0.14459967738651652,2.5929050325189813,-5.705300935439423,4.930983656570204,1.0123046407211864,2.0850774733010793,-3.9232483455723792,5.233133313570304,8.974677272506902,2.864653491907623,4.13126308709219,14.90721233788807,-0.209550039261524,15.909504689781802,-30.07677622775176,38.3330996436134,0.27473286654382856,17.976558939163244,-33.17231033838289,49.93760626704172,2.3280545477147334,14.455706886463684,-23.614806401533585,35.29683670803256,High Risk
-0.15358208680369842,2.595288532399825,-4.999057211995586,5.537464751499671,0.981549656558912,2.141231721952894,-3.098726494068977,5.233133313570304,8.921804921254083,2.502486334311409,4.13126308709219,14.90721233788807,-0.6411717030877244,16.119503155362622,-30.07677622775176,35.42664780573153,1.5112270746625904,17.779067220274595,-40.48903205720559,37.12169556890713,2.0589085499979545,14.793979189688741,-19.96577676937139,35.29683670803256,High Risk
-0.3508828008045884,2.678260065425992,-5.048620687669346,5.537464751499671,-0.1464384390589039,2.4767311824460583,-4.857887989415481,4.957264225228844,9.827903587504647,2.365285735487122,5.898442884294965,15.498288598577473,-0.009865280580622245,17.55281453989626,-28.063849938077947,35.42664780573153,0.9503128431273021,17.116805478262858,-40.48903205720559,37.12169556890713,3.2926392603167045,16.45133274182952,-25.50709447340975,28.50391842548455,High Risk
-0.1346897211983003,2.7808250562112575,-5.048620687669346,5.479582851890728,-0.3908453225165291,2.427056590338496,-4.857887989415481,3.665839456844272,10.22065098804368,2.409994229569317,5.898442884294965,15.498288598577473,-1.3895603857844177,18.77429327118208,-50.01139252726886,29.58132847946357,-0.10272595328430677,16.623980197366247,-33.10369690696686,32.62923751478238,-1.0467537631524986,18.553635681598116,-45.83715131879599,28.50391842548455,High Risk
0.3140658407699307,2.5212429057074877,-4.63534119288662,4.88881521377449,0.03199151504955541,2.6316866375430337,-5.23258024401701,5.3690695469537015,10.251118200618203,2.209729111924838,6.843162944056085,14.200598950742329,0.005960045526076474,18.205014133703564,-50.01139252726886,29.58132847946357,-3.8579236919772977,21.003171261711454,-44.42922048937937,40.04437732182661,-3.5792202985952337,15.935836121313018,-45.83715131879599,20.982555193402888,High Risk
-0.4938252704160203,2.6421790130140947,-7.667001827098582,3.895682474336656,0.43156617200966935,2.732399684780859,-5.23258024401701,5.3690695469537015,10.211791087904945,2.7057209042406574,4.661510101198104,15.625797144600686,1.5253357288809106,13.780225462380109,-31.76943846236055,28.47431117980198,-5.252414388788932,20.109416997090698,-44.42922048937937,41.41860496584035,0.2330049714824932,19.192088502965934,-35.27223285091772,52.98565848433675,High Risk
-1.1685977575865982,2.909823915417029,-7.667001827098582,3.392852253745363,0.857555424712591,2.5042844549892296,-6.1812232743159,5.284575719352934,9.682027721998058,2.5648077639643687,4.503842391486581,15.625797144600686,6.372998035534999,16.21009015930242,-22.444373728852863,44.26616169391704,-1.5078475474658797,20.105814470970373,-39.29660802923077,41.41860496584035,1.191006585374285,20.287541459314305,-35.27223285091772,52.98565848433675,High Risk
-0.2159282029381338,2.811868183092016,-5.51059076214259,5.2859406699270135,0.28307860249936323,2.4097065883433535,-6.1812232743159,4.717142087773757,9.76246889455835,2.5434960858243074,4.503842391486581,17.641086737144615,5.533357714196817,19.55993223988965,-25.674751641027274,44.26616169391704,2.3732848508369746,21.320956079049587,-39.29660802923077,38.43358541585818,-1.792823107883297,17.490217879182122,-45.372736308802615,26.90938818819342,High Risk
0.32052467433271453,2.1855376640410564,-3.084132346918731,5.2859406699270135,0.44521033444935715,2.5523788744056843,-4.0101351791843705,6.7762311107075845,9.253098608125798,2.640805153117505,5.118595725491656,17.641086737144615,-5.041114130265293,17.79532528842143,-35.028491739495344,40.45599402788467,2.158655763766437,18.990051460595936,-31.87400176958535,38.43358541585818,-3.4081983149428035,16.49938779299331,-45.372736308802615,19.612702194763905,High Risk
-0.1551832513806583,2.142488431715423,-4.572746836823061,3.8484157572106414,0.6594233491253144,2.8014465276904805,-4.577790229001108,6.7762311107075845,8.706566831737709,2.0917275583267974,5.118595725491656,12.60279513589943,-7.036035894077904,14.171084401659366,-35.028491739495344,13.584946307138267,3.8449131803702885,20.758773827754457,-31.87400176958535,43.456462048874215,-1.544473828415117,17.855196661418855,-29.993593850850388,34.98668684436631,High Risk
-0.16765066374948123,2.2661995318782315,-4.572746836823061,4.307733616158036,0.4638290123058206,2.4690152267978607,-4.577790229001108,5.059699043713777,9.256277999434111,2.5380631991782345,3.959288862354616,14.786686722803612,-2.2939433655135733,12.664409260479802,-28.3500017134558,22.606805372104187,4.557366712758959,20.40056259759298,-39.49058687139279,43.456462048874215,-1.305054721814592,17.086920588513664,-29.993593850850388,34.98668684436631,High Risk
-0.4463184289752455,2.3763985251527484,-4.96858826192662,4.307733616158036,0.09032112962649566,2.6647595248617013,-4.113669722092763,6.352480331907557,9.687216854087584,3.0151887421380805,3.959288862354616,14.864532512837568,-2.689640871176268,14.79275161340624,-24.834223655233597,24.768468229315975,3.615276048641816,14.684361651517193,-39.49058687139279,27.710273438398342,1.0366383734991338,17.67161910910648,-37.21220982353127,30.76410775610425,High Risk
-0.4854101694803307,2.688698224199944,-4.96858826192662,4.690350519204553,0.2001330726502473,3.0956136236357885,-4.544353010454418,6.546822052171634,10.28632634295058,2.595641783883381,4.051573169118962,14.864532512837568,0.9853338451293375,17.316666081335388,-24.834223655233597,37.75103821129096,2.0119790190293814,16.40905921956724,-58.77542304028924,28.841638228016983,-0.7865955733540492,18.462941174050687,-37.21220982353127,28.605265059152824,High Risk
-0.1203836765548433,2.6789418950196784,-5.394505231750868,4.690350519204553,0.28521204420654805,2.8063485755912185,-4.927882547934123,6.546822052171634,10.11543708568568,2.4040731905779595,3.81419353593204,14.117047688604645,1.188131197557733,18.838665895495364,-37.73681078850655,37.75103821129096,0.19032958535049269,18.54843136921343,-58.77542304028924,45.551377679512186,-1.2603963064682937,15.830849398093571,-35.27076220003467,31.48478392892162,High Risk
0.6825260811896209,2.7894362650724913,-5.394505231750868,8.200748974222794,-0.0628619607693577,2.5572168800941237,-4.927882547934123,6.630605836319459,9.804748894533137,2.9115917163519374,3.3219808040617256,14.117047688604645,-4.514492582020608,19.7661070620274,-37.73681078850655,29.829762033875703,1.0462586675829624,23.006592320553825,-55.25731232460444,45.551377679512186,4.2393497539430305,14.690091038940965,-26.536895657953785,39.36742349566566,High Risk
0.25494721190298203,3.16549730852228,-6.588607714257843,8.200748974222794,-0.02369131179303435,2.320338513091351,-4.744238400712314,6.630605836319459,9.926935307672796,2.456707711262913,3.3219808040617256,13.645002195451896,-0.9604213299917961,16.678999788689357,-29.57991559807042,29.829762033875703,-1.445864867780014,21.40146065220419,-55.25731232460444,31.64283132561911,1.2817556180493568,18.166389089177486,-45.76647204755248,39.36742349566566,High Risk
-0.7505325830658703,2.3519379104029188,-6.588607714257843,3.4525958092562288,-0.002697875503053589,2.1389122761084858,-4.675473905362416,3.144696150864763,10.383149000452965,2.1366614006452984,5.886076447281998,15.088097547001375,0.44561719480570716,11.216137829419727,-20.8117295973677,18.963853612221097,1.2249131341847628,17.16395276297589,-44.796486736210944,45.46301746079376,-0.2016430571032385,21.42156684766732,-45.76647204755248,47.37383906361793,High Risk
0.08629611908946647,2.0118494241422953,-4.517717594122848,4.703113994802674,0.11506429133611722,2.4114964880279786,-4.675473905362416,3.41204428833053,10.045938247236641,3.03380547435474,0.7311529651885174,15.088097547001375,0.630997733227861,12.536154700224309,-20.8117295973677,31.44756993452298,0.02378384302736709,19.167617482291185,-44.796486736210944,45.46301746079376,3.2377033570933462,17.953548855664003,-33.01192197073888,47.37383906361793,High Risk
-0.13182028492812756,2.1303732767306642,-4.517717594122848,4.703113994802674,0.03624983198079826,2.3791279630467352,-5.671848739666555,3.41204428833053,9.197318880484982,2.9594548217238295,0.7311529651885174,14.976371986211154,3.2176383937645814,16.602110939653183,-43.13564910499606,31.44756993452298,-0.1722467606625462,18.6936226679156,-38.887883797471126,41.43050912304591,2.501219070330845,14.343552056356407,-27.786818501120354,25.520977669238118,High Risk
-0.33667670149643103,2.12246216210172,-5.080691524128214,3.698792324285385,-0.37858162452233635,3.098913164764959,-7.230952836954529,5.7519718502270685,9.773935641108666,2.5246013120644415,5.242050438784558,16.520144538419036,3.1268201566946847,19.262339343533394,-51.20375616778418,31.383853036914456,7.786521063426699,20.380502489472974,-38.887883797471126,51.86876055207677,-0.6300017805661298,13.042064257562608,-27.15775780127264,23.710315115000043,High Risk
0.35409936398101327,2.170581020229144,-5.080691524128214,3.948335630959885,-0.3565085617553533,3.022392408320719,-7.230952836954529,5.7519718502270685,10.083686431659178,2.484028495245955,4.61697932563054,16.520144538419036,-0.40271828117096803,19.763381351713832,-51.20375616778418,31.383853036914456,3.428490998122222,20.5864702708623,-48.62129873585113,51.86876055207677,-1.1114229126163544,16.907531599847125,-38.72762430289551,26.963679165659425,High Risk
0.2820521771532396,2.263360364838689,-2.7543550451089844,5.538801747577935,0.11225431021870236,2.2606930912681085,-4.103353338826364,5.950815333775971,9.697341066594914,2.750128469830165,4.246981827605902,15.91127915517564,-3.416187933548473,18.981399215827846,-44.20486317175098,29.76499755176284,-3.1169938950177736,17.631094320675913,-48.62129873585113,24.955273770774205,2.730268454508277,21.862416165720077,-38.72762430289551,38.67040360319325,High Risk
-0.24766491304206134,2.268305389242,-4.2067228460022505,5.538801747577935,0.594480219147434,2.135401321723509,-4.103353338826364,5.950815333775971,10.666267595215144,2.5372785211365074,4.246981827605902,15.91127915517564,-4.302212816791094,18.516190224213915,-40.904130907756674,29.76499755176284,1.5925758508414574,15.505695826440583,-29.18390118946808,24.955273770774205,2.8853635898244234,18.45553276143689,-29.476847422657663,38.67040360319325,High Risk
-0.1433559890436488,2.318827651170663,-4.948942678597806,3.2583624719667768,0.3089501572861785,2.480219545389478,-5.908195557818835,4.896636985178548,11.2692852383694,2.1379375558984988,7.3350447374036865,16.59942234280104,-0.09402043651835967,19.145757632432243,-40.904130907756674,41.00381649188195,-1.502092499572927,14.509943818582505,-32.625762436276744,17.577959574518154,-0.14636016445384328,15.958231875941825,-36.41065124941066,30.707528292822147,High Risk
-0.0897837003061956,2.6142825576108466,-4.948942678597806,4.175892961885511,-0.44694862496148885,2.8081455734002647,-7.656621784211746,4.918304903737972,10.04844845313727,2.547247729329549,4.224964008649796,16.59942234280104,2.9308867015740123,17.429306838271717,-26.71188862794304,41.00381649188195,-3.089207250293503,15.811802699796408,-32.625762436276744,25.633061851070032,0.6264216502222022,14.779506837863568,-36.41065124941066,22.632201769919103,High Risk
-0.2794346447482202,2.399073958627403,-4.844696662441951,4.175892961885511,-0.6774774471003118,2.7943916284192456,-7.656621784211746,4.918304903737972,8.991957222677787,2.505656316445523,4.224964008649796,14.929283914915798,1.0323485437336777,14.371318548925814,-26.71188862794304,25.58245546364674,-1.8820259408329403,18.073637023763112,-39.278340179958704,38.369058829192994,2.140752612703158,13.453045611441986,-27.305534463852684,27.795045440645776,High Risk
-0.5440330836930339,1.8762006951763708,-4.035696452155776,3.9749346248935207,-0.50780656985417,2.5299044081219,-5.472789174328003,3.756623054175229,9.540883713849519,2.4753100493678013,4.3186467784281,14.929283914915798,-0.4748929094650133,14.507309033845356,-34.2916825531008,18.88260082179549,-3.7940718823177915,18.431553779515376,-46.77806107503078,38.369058829192994,-0.8065013439876731,14.54564926232882,-27.305534463852684,27.795045440645776,High Risk
-0.7111496965771805,2.084195841699899,-4.485140058047616,5.765410006451585,-0.5086461207273202,2.3422764329005945,-5.164116983048875,3.892847884734291,10.160764268398875,2.115688915315184,4.3186467784281,12.949614183060495,-1.7244746409596923,17.548692640581464,-47.94553136088429,27.065818914771043,-3.2999430344798317,18.09970414143506,-55.17249790350865,27.875236781802784,1.4120616803806045,13.125756238773148,-26.394524080523613,25.182335908005022,High Risk
-0.15513572080420093,2.1620282645398405,-4.485140058047616,5.765410006451585,-0.4828351790874394,2.2830300823351157,-5.164116983048875,5.1677456317348645,9.490426953545732,2.516145081943474,4.963577122445575,12.894536824597015,1.5718798817004103,21.362481662211803,-57.61025867815103,41.97811862898335,3.085335270282328,19.016720484137586,-55.17249790350865,34.56879102833127,3.8045728137308505,16.14228329386279,-33.093506819509976,30.5210018993744,High Risk
0.40172987003835814,1.7298352383253588,-3.221035787613129,4.193702693495,0.2928154196854877,2.3628850194227504,-5.743920259211132,6.429240465637408,9.142497153786884,2.2645709867010906,4.963577122445575,13.013493295045295,1.4679186883218778,20.786570364502712,-57.61025867815103,41.97811862898335,5.766664063182878,16.32345724688065,-26.23475617526406,34.56879102833127,1.071887268868377,18.78107147096904,-33.093506819509976,32.28640536468486,High Risk
0.284143507282533,2.30449489010206,-5.616877359889111,5.47102367620079,0.30475369491868337,2.1384271641752184,-5.743920259211132,6.429240465637408,9.337004062598412,2.814873392599278,1.325213717083404,14.961997982335536,-0.604138535561186,18.1545038827243,-34.89911028339223,30.158954928194323,1.9660055340824747,16.489208238408278,-30.7941137927396,41.259809526600826,-0.48345646694512917,19.261011677317402,-40.01763518201805,32.28640536468486,High Risk
0.05606547903815669,2.3639205133083627,-5.616877359889111,5.47102367620079,-0.30646429426649713,2.273306114581353,-4.321452250082286,4.455757707382766,9.912214943861162,2.8923921765574456,1.325213717083404,14.961997982335536,-4.2399520529822095,18.457491760582908,-46.47130519741845,30.158954928194323,4.917292129376658,18.563774951348414,-43.231211450655046,41.77923319238757,0.9508847293853626,18.069129519313044,-40.01763518201805,31.657172055550756,High Risk
0.053258438841283916,1.9834385411564472,-3.509643593460377,3.460507733469297,-0.5886756924140605,2.505943991849025,-5.4766192362317065,4.455757707382766,10.56372823303753,2.5768629435255517,6.328419138618429,17.143507483027626,-6.307159430162227,20.59987797261423,-48.08121629293896,47.07479983125805,1.8299572618931605,17.44265728952876,-43.231211450655046,41.77923319238757,1.4548177760205578,14.232423605131547,-28.702522090831152,25.521683201344253,High Risk
0.47453008567385235,2.3430963992614444,-3.691952700357923,5.9410229818979845,-0.07931905964599044,2.1494529659799912,-5.4766192362317065,3.3149079700071438,10.213142574762271,2.698867916777343,5.739920771599201,17.143507483027626,-1.6997487579376493,21.102179502018753,-48.08121629293896,47.07479983125805,-1.9902082177732692,15.229617139317819,-26.135353560606877,32.378315764950955,-1.559458831245186,14.31412427391702,-30.0100113506128,31.733776085821127,High Risk
0.34631985878048666,2.6247603503054404,-4.208068122073305,5.9410229818979845,-0.015813618522971917,2.025511301176772,-5.016006577659555,3.3149079700071438,9.511146237270369,1.8555513048723034,5.739920771599201,14.142571558696776,0.8397047967467143,16.916094358207445,-29.99396471240461,34.88399147248404,2.027000175297124,16.771763948091994,-24.543344298162463,32.378315764950955,-0.2033587657142735,15.80657682813361,-33.02726335369294,31.733776085821127,High Risk
-0.11467562553758408,2.3998072120788563,-4.208068122073305,4.742421834718532,-0.22496623874758362,2.4073382995095645,-5.565353197772785,4.852926478778652,9.79354518827722,2.0986774545098394,6.468563452575202,15.447890736282734,1.280289659738621,14.63964027721066,-29.99396471240461,34.88399147248404,5.657680660494863,15.451293681853583,-25.2804523504152,32.2431741663154,3.0022829314101083,15.814718505857895,-33.02726335369294,29.10124396187262,High Risk
-0.33243467299788687,2.1485170580225517,-4.386366200850926,3.5443165857076075,0.2748765656316364,2.1731088892658437,-5.565353197772785,4.852926478778652,10.084052474524523,2.98659310054384,4.374081386382225,15.447890736282734,2.492119943796266,14.263076755144851,-22.41827971831481,34.53964657680917,-0.06376416659623274,17.27684786626803,-39.9056316069784,27.70952328058896,-2.4989572837295335,21.261829172905927,-39.9899322837449,33.54560729472582,High Risk
-0.46108693021224345,1.8727921228166542,-4.386366200850926,2.4760291847736284,0.8514505236183355,2.177443770578862,-3.5198500391347194,4.917176967563198,9.618853311481557,3.1672538382287505,4.374081386382225,14.589970595493703,2.4539894455536944,19.9768150118506,-48.14338583085162,49.76825657678035,-1.9605354343227839,20.93008072588642,-39.9056316069784,53.71244111388735,-5.833495388224355,19.82532601970661,-39.9899322837449,33.54560729472582,High Risk
-0.011304970804561217,1.9701410433700435,-3.6918084592275897,5.479932928597401,0.6710563587360675,2.3745366164198694,-4.480222484311191,4.917176967563198,9.612674793143025,2.169879378825868,5.823450966380336,14.289505533822272,0.9343410324435281,20.630466044633256,-48.14338583085162,49.76825657678035,2.7224301074003283,20.611624643863188,-39.77988385303209,53.71244111388735,1.8855533974014098,17.27017989444994,-29.665143950597884,53.98901230275067,High Risk
0.09389087864049542,2.0855256065758554,-3.956839756206665,5.479932928597401,0.8282159600542994,2.134861875202452,-4.480222484311191,5.331487784904864,9.825815255089443,2.1581156272915774,4.347551172028693,14.23312286930292,-1.8145555855628677,18.17613827833844,-43.89083311951971,34.03007829649913,-0.5155013433716745,21.954010809245897,-38.37522333802627,51.55904278295724,6.804947520329689,16.365454929503716,-25.268223330051185,53.98901230275067,High Risk
0.13077090754005624,2.4630016432884108,-5.5814842636101245,5.153543022416964,1.2983398554977748,2.462203036776763,-4.896787363490206,5.331487784904864,9.823456772567953,2.2961501932304746,4.347551172028693,14.23312286930292,-5.675912290820364,17.604293180026836,-43.89083311951971,34.03007829649913,-4.368751259371146,21.53184499034236,-38.37522333802627,51.55904278295724,5.0145695702481,15.873283518388803,-44.78038335520225,34.055756501453274,High Risk
0.31646948506775996,2.8575662137168387,-5.5814842636101245,6.211452460612659,0.725387445639191,2.3191711501364347,-4.896787363490206,4.948236969705493,10.031552426677516,2.151252598393873,6.084235787138627,14.352139144769655,-5.090413280112677,15.151208484137769,-37.45967636028476,22.286629692513745,-1.323473060204038,16.2401836088873,-30.978292871004896,35.100538608605,2.6648658913589833,15.772602063227378,-44.78038335520225,30.194302898586223,High Risk
0.5394844614155792,2.3841955374437807,-5.095829753838367,6.211452460612659,0.17328271882960705,2.456042657880995,-6.531907719954733,4.618925609054151,9.865879599525282,2.513707630447303,5.601174992566811,14.352139144769655,2.4112217501403608,13.367451945700658,-22.921480473304577,27.93588357913948,1.8596166043870317,13.88577703792885,-26.083422941848923,31.134625569564022,2.246886588140438,16.732717000978084,-41.30663159376456,35.54231914792484,High Risk
-0.002302679612188056,2.532261107221859,-7.949675599099951,3.621303402603977,0.0959898674239113,2.518179268612275,-6.531907719954733,4.618925609054151,9.832977144856574,2.385720600933435,5.323086996956193,13.485057162872785,4.483977321762955,16.337598552738672,-26.194551186102206,48.96835823074378,2.1274099901980197,17.230702215648897,-34.1830868855241,44.80524562348873,2.3268552837772263,18.672839104626767,-41.30663159376456,36.70288606679782,High Risk
-0.6311278576310934,2.4746962693588164,-7.949675599099951,3.621303402603977,0.3685164453648594,2.04125832643419,-4.578714010596372,3.6020366049879065,10.147883897217485,2.3629056858612443,5.323086996956193,14.835214282000177,0.30031542888255724,18.75736756689114,-31.169133393280703,48.96835823074378,3.2338117749160724,19.99842027194858,-34.1830868855241,44.80524562348873,3.5635692772612573,15.616017356345782,-36.844442323941365,36.70288606679782,High Risk
-0.03583765396271606,1.9518787188002569,-4.460582182388686,5.475261947812068,0.056945570852559885,2.025995541119006,-4.578714010596372,3.06196621010258,10.459037577142476,2.857592822698271,4.542469745729358,15.403062686088564,3.070746839017849,16.689711824010097,-31.169133393280703,33.76992915711558,0.41810144154676965,19.034258598337697,-33.21335413682652,41.72664471245878,-0.8626741782142106,15.456523912059318,-39.45311029565843,33.73806879428406,High Risk
0.1095253216570434,2.217970866625196,-3.8089886203980985,5.475261947812068,-0.412211553174429,2.5806559865056435,-5.274525078324013,6.939056143942393,10.212540025925504,2.745055640078626,4.542469745729358,15.403062686088564,3.006173001042609,18.573240524335827,-37.76258670945838,34.96515466243482,0.7883728063522177,19.549350039485162,-31.241599605064167,35.32490727388139,-2.9409513162307017,17.771698719336158,-39.45311029565843,44.674769577199314,High Risk
0.11474673905250106,2.6024363276820965,-4.580427752147436,4.718033575412079,0.10217247927171691,2.644105728204164,-5.274525078324013,6.939056143942393,10.13560565228692,2.373845823518287,5.402672532736542,15.632952327929248,-2.388591197549409,21.062425590070337,-59.18682116263708,34.96515466243482,5.131945881868754,17.5027292046159,-23.12604236981231,35.32490727388139,-1.454963537205804,17.611010682940993,-22.436167703840415,44.674769577199314,High Risk
0.02305044961561401,2.6123213967518497,-5.254231619543299,4.396886348526846,0.22942166294135496,2.055248777148269,-3.812069079213989,3.819153880106713,10.166104960214176,2.211197895573175,6.637864625371688,15.632952327929248,-2.243567888106436,21.87297392553315,-59.18682116263708,36.9317717676396,5.758450831658707,15.568252102301505,-30.53026171827965,33.96601811591317,-3.3965510056050046,13.821232487237777,-22.29095853585645,34.36690117233374,High Risk
-0.46606800391109804,2.2726924258114933,-5.254231619543299,4.528886798130827,0.2533475116082756,2.0317204656710315,-3.812069079213989,5.416854301341082,9.552619807027023,2.7199350011509256,4.90227775986794,17.86732110621388,-0.37958038421850454,22.457234243646703,-46.15355037162399,43.21411301342076,1.657916544078836,14.805770465990602,-30.53026171827965,28.165431430162347,-6.9895891101083,18.047928629982714,-39.709730687457466,34.36690117233374,High Risk
-0.90664176217192,2.018679087245848,-4.60781446345443,4.528886798130827,0.4623171496566401,1.5824623419729205,-2.759061809837461,5.416854301341082,9.599413157884971,3.195152321206129,4.90227775986794,17.86732110621388,0.8604365467899775,21.760308860594616,-46.15355037162399,43.21411301342076,-2.2901014456086157,17.06938830398654,-45.403618179302015,35.2685936180073,-3.641798945121591,22.10790064858489,-39.709730687457466,35.50726983950099,High Risk
-0.20512879904485146,2.3843806755355486,-4.60781446345443,4.166156308713614,0.20670988133342863,2.2885750850136723,-4.657684737359991,6.95006555809737,9.784420436748087,2.679632546383041,5.044432270892151,15.813536318370796,1.3797122909809616,21.02399531319198,-31.62229564338145,42.6835447922625,-2.0592649474196083,18.484705295966457,-45.403618179302015,35.2685936180073,5.663526385978543,18.856196308413086,-36.59516454192243,37.59353852994136,High Risk
0.4629071230751785,2.5005255966471025,-6.458798392112586,4.166156308713614,-0.14062103801627104,3.103940100052103,-5.268756916654494,6.95006555809737,9.272350438103995,3.092243005141822,-0.9284774601700132,14.79999080829593,0.7638340985991315,22.04260721401365,-36.97627480034879,42.6835447922625,3.2026623546691835,16.54617778888396,-38.41112651047074,41.30153115534432,0.8608894517144633,21.43925747846056,-47.58986530093738,37.59353852994136,High Risk
-1.1848235219482246,3.8323553172203697,-10.24399126330992,3.841157288224651,0.04641680920035007,3.2251716177718865,-5.268756916654494,5.4052004518522985,9.61235066604892,2.9916534179502396,-0.9284774601700132,14.017598526023727,1.770779779936592,19.84214448859698,-36.97627480034879,34.805115623025884,5.9430748435453955,21.275380232786322,-35.03739893295566,44.26780416531774,-4.396640705439725,21.969297326176978,-47.58986530093738,49.57008963309843,High Risk
-2.327049282989781,4.418077048973294,-10.24399126330992,4.261985394061465,0.20658106310300867,3.0652684835588646,-5.23661082078196,5.4052004518522985,9.792156538796393,1.9661597188653563,6.321039431082008,13.932238767977555,-0.5720407265495328,15.149186935630349,-24.82109509581225,34.805115623025884,0.6895352891577772,19.607325766621127,-35.03739893295566,44.26780416531774,0.9343029687469826,21.90744441602447,-37.80750301572164,55.87246155724769,High Risk
-1.3238814000540307,3.5999014807358507,-8.936671305222353,4.435564311286449,-0.286270766028673,2.6234299922442115,-5.23661082078196,4.938340596547198,9.435832880735912,1.9796451301902742,6.321039431082008,15.132938366684662,-6.196324825999742,16.03269771969917,-30.67917602372334,32.55937587074621,-4.295947741916683,15.073003325984061,-37.60193798777677,21.39154598644124,2.7065590389159357,19.84541899400743,-37.80750301572164,55.87246155724769,High Risk
0.1658049948706066,1.8450481819727225,-3.301456968300057,4.435564311286449,-0.19851091354047118,2.1816347263824354,-4.567450301071609,4.938340596547198,9.99806943270176,2.254538460972805,6.753556575894981,15.96942767480158,-6.330073251828155,19.549620271198254,-46.8581854049221,32.55937587074621,-3.8826489776182807,18.697218809813815,-49.23050414228582,32.966100559142504,-2.9885973965701376,14.960005795311957,-26.37090396555749,36.38093180548826,High Risk
-0.14190254743908526,2.304448308969289,-5.548284282408264,4.528053468181782,0.0020846271969953887,1.8779202233908834,-3.9511292492280017,2.6345599679400533,9.871822856252525,2.5726822284957023,4.283990781117655,15.96942767480158,-4.196612956190479,21.16872380572511,-46.8581854049221,32.0834218427049,-1.3217149308366969,15.77536488808006,-49.23050414228582,32.966100559142504,-4.2638234156509585,15.819185083016553,-27.24251936640377,47.96811875112784,High Risk
-0.40248293663824114,2.441183069472775,-5.548284282408264,4.528053468181782,-0.5155934479446013,1.941151881292563,-3.9511292492280017,4.003946885644583,9.382398871830977,2.3064349548636534,4.283990781117655,15.472557689558853,-5.166148347529203,21.821943251003354,-39.44841714814339,33.29128036875817,-6.1109165703516455,16.095504880590326,-55.371530240024896,17.95216610925634,4.050489170199159,18.502017671563998,-27.24251936640377,47.96811875112784,High Risk
-0.383274866351477,1.9836747540477062,-4.074981716598903,3.51075572456997,-0.6254861053874234,2.2452770733106586,-5.94623960057114,4.075671128640461,9.69701075732662,2.11958263760596,5.312597131924209,13.604538310498144,-2.950914775664507,18.24968111393375,-39.44841714814339,33.29128036875817,-3.624238863530054,21.415676546864404,-55.371530240024896,47.700154369371774,4.061975287339316,17.139252894188616,-30.016364184272057,40.253785092838726,High Risk
-0.22433651860208106,2.506266931161102,-5.258251374356599,5.8993260244171815,-0.8482040527487359,2.6503790550165554,-5.94623960057114,4.075671128640461,9.735967746811307,2.5654421556127347,3.436627643870774,13.604538310498144,1.0465147664272392,17.120630814439323,-30.42218173706336,44.61375621660997,3.368691828294344,19.997663380757924,-40.5699214816666,47.700154369371774,0.37350013582202585,16.146820852952484,-30.016364184272057,32.0802370858392,High Risk
-0.3527389842420036,2.5199353825448667,-5.258251374356599,5.8993260244171815,-0.4882646322254372,2.7312817411137504,-5.649251432018451,7.059325685697223,9.799119427352435,2.3622749757026824,3.436627643870774,13.578333548799424,1.00943959487497,19.636977526406824,-38.55971833553011,44.61375621660997,-1.0530642955073963,17.283066938109354,-40.5699214816666,26.78542913659293,-1.407810560038323,17.448644179929477,-34.49804119287931,32.0802370858392,High Risk
-1.551615564270956,2.128667043330009,-6.511149946125293,2.318280086317318,0.47745711539243263,2.33183529440399,-3.0098813131044544,7.059325685697223,10.408306468757432,2.1457358335616803,6.78728134082152,15.014770171694796,-0.40154666584462717,19.979318149907957,-47.25663367813866,31.367055171340134,-5.743391842837382,16.495766312173807,-41.81050174558438,33.9134277246548,-1.7055855483311315,19.57569813158695,-34.49804119287931,29.84782037781868,High Risk
-0.6927926956363976,2.4968463162954504,-6.511149946125293,3.4481235654059765,0.6765849306110776,1.9185283821479886,-2.501183123007237,5.731291434491742,9.56231750440292,2.9034449794628063,3.286878361639502,15.014770171694796,-4.4536103019487365,19.053664166437517,-47.25663367813866,31.367055171340134,-2.0235940555751184,15.425911361988959,-41.81050174558438,33.9134277246548,-1.1787335993170964,23.718350920802397,-51.713120491828114,67.41682610356492,High Risk
0.868826926501765,1.9823492338467248,-3.058853915104645,5.81960310736965,0.4065813281788667,2.5182912600829166,-5.523374545181641,3.9771014235254976,8.988373049661273,2.761118161212274,3.286878361639502,14.384690673009212,-2.629337069553675,16.628185305038766,-30.57400923462628,37.44090467818917,1.962531418382972,13.300665805155358,-29.633885131386243,21.579265284819677,-4.327386513128914,23.112894643390785,-51.713120491828114,67.41682610356492,High Risk
0.6482894409794978,2.3198308414867324,-3.254116766798476,5.81960310736965,0.1517736347818226,3.142501538723192,-5.883082068217012,4.73882726553814,9.923098841574882,2.3611121106921216,6.036144570529986,14.384690673009212,3.849923968821091,13.140382089090723,-20.54700826217821,37.44090467818917,1.6730866888120501,16.36111512371701,-29.633885131386243,28.21762855527494,-2.229062558551653,20.49182035484094,-43.93656503865813,26.76821889339364,High Risk
-0.4797873738605212,2.4241979367555277,-4.240005467979031,3.496943312624605,0.28081520676216604,2.8755403612111046,-5.883082068217012,5.484021931494255,9.520669179942617,2.4230553877782106,3.858271030585685,14.328174915374865,3.5536850884971662,12.574989108561564,-24.99925650174764,35.323590181890665,1.7473619039423882,17.9773298201504,-31.97868305720242,30.95304420142679,2.985636184292943,22.564055040232475,-45.68339769667912,43.81802973079147,High Risk
-1.9981145586599358,2.73718368135743,-7.7935146519605105,3.110118480296955,0.5393958137154855,3.1933690219510913,-6.072729622392929,7.044858245136359,9.273829384312966,2.320898435864228,3.858271030585685,13.340039972653331,-2.0602323312860307,14.487801390813894,-47.05993937131037,35.323590181890665,-2.8730456103277104,21.854318240594367,-52.69003592865357,31.29654107165433,6.500764153557441,23.30601311377796,-45.68339769667912,51.46329375427152,High Risk
-1.592140988843468,3.135483174039044,-7.7935146519605105,3.110118480296955,0.3922717870017794,3.168769119012549,-6.072729622392929,7.044858245136359,9.933482754229969,2.3478370633979204,4.445602591380357,13.722547203888311,-4.9299574840310205,13.473353357199349,-47.05993937131037,15.358850504863875,-6.920924632445402,20.969267375747652,-52.69003592865357,31.29654107165433,4.970161427733872,21.433823238733005,-42.986915789790686,51.46329375427152,High Risk
-0.9587114026228376,2.6354793841159507,-5.786017728247258,3.109043919594469,-0.14303078618565876,2.762520385564889,-6.714220520113457,4.223718426178444,9.179089901957045,2.5393516684661996,4.445602591380357,13.722547203888311,-3.816773072526499,16.544770795273365,-53.14197004508565,20.56537696578157,0.5454100977202002,18.00434784910115,-44.92965361219712,36.16905938436011,0.8495935797289672,21.896189103787556,-61.584833181900976,34.81314192768234,High Risk
-1.0983401482915294,2.5946969370612623,-5.786017728247258,4.4870514627137945,0.3332511131239658,2.786503346445895,-6.714220520113457,4.238058579443106,9.464994481912735,2.4895861987908194,4.816062812852893,14.309642057883774,-3.9946878241523107,21.26902669329612,-53.14197004508565,45.326861190279374,8.81113516566697,16.47284137414133,-19.440669849915466,36.71890243426682,1.7234099871698736,22.736188780831483,-61.584833181900976,35.28922744245449,High Risk
-0.41951344009752994,2.5348525011392318,-4.760231981039157,4.4870514627137945,0.16836997368592513,2.581166382504909,-5.188676259223336,4.238058579443106,10.502401016504598,1.9580420397152631,6.782740244791116,14.309642057883774,-3.1166582470843656,21.014710344426664,-35.18226932585139,45.326861190279374,8.188791493000016,17.50159202808805,-16.27886141451687,52.48602645072138,-2.90825489056377,23.182796580374255,-54.47641548193313,35.28922744245449,High Risk
-0.48552213985672427,2.384621964752878,-4.760231981039157,3.32531941825285,-0.3445145422579277,2.3921509064161484,-5.188676259223336,4.62997626162983,10.63337995938182,2.0558999340769484,6.584920535206974,14.531023475761376,5.628810436493492,20.869568894787914,-34.184605081467105,57.30181052895294,0.4261842673882086,16.999838011683863,-32.42007834900021,52.48602645072138,-3.2730969512615142,22.859585350978755,-54.47641548193313,44.26644821557388,High Risk
-0.556751083512049,2.452989021486128,-4.489037843671188,4.886738209293116,0.025916185980037407,2.0390487420750025,-4.936482273464949,4.62997626162983,10.101746169742752,2.3963999480898863,5.253461014183136,14.531023475761376,5.009145874481476,20.72375377971657,-33.817163783862924,57.30181052895294,0.04891798981604865,16.166675070871158,-32.42007834900021,37.985174745087406,2.9626940467740632,17.931958499350486,-25.3531102884519,44.26644821557388,High Risk
-0.4394686111948436,2.449222336896401,-4.457274743214715,6.044706445091212,0.2718232005955261,1.960976865954764,-3.063755153714604,4.219634463577705,9.167045641184952,2.5494907603479287,4.517931108032879,13.080321482133805,-3.3820045552731623,18.03867273789004,-47.514878999251614,29.77054093243076,3.5772613441208927,18.258954046289954,-45.09336381469939,38.09121364357651,0.8155323985421605,15.842940630129592,-27.16045847414229,40.765323508811264,High Risk
-0.16324234632005627,2.2498068823199113,-4.457274743214715,6.044706445091212,0.011790743410738668,2.1098488716458488,-3.706975157109599,4.219634463577705,10.095961619595451,2.7269808980019543,4.517931108032879,13.690662285887164,-5.516340154408692,17.206375094721146,-47.514878999251614,29.77054093243076,2.7946969808164925,19.08318506262112,-45.09336381469939,38.09121364357651,-1.706614665949078,20.03697600955939,-55.26586668136899,34.69579676873924,High Risk
-0.38425143008577556,1.9736890098752469,-4.656471633073159,2.753319529084244,-0.36992865672871456,2.120894531489617,-3.706975157109599,3.9839125283967847,10.708156248390734,2.421681914674522,3.540251248235819,13.690662285887164,-1.079511597643653,16.65465966535053,-38.205913899256245,35.986748720131146,5.941075012210719,15.380901820145844,-44.729565872398034,27.590960545671976,-1.511218314802835,22.693493442626977,-55.26586668136899,25.29281016479685,High Risk
-0.5353227111842094,1.9845473765797486,-5.120363670759613,3.507802037760717,-0.8705030246067625,2.4946627911307275,-5.232610891025202,4.633994735458905,10.677753354819458,2.572790789140087,3.540251248235819,16.15760079636737,5.795492430535862,17.805823173415888,-30.172984048361847,43.13522141503503,-0.5964113569144359,14.700580552261235,-35.27968540692848,26.743177324793518,4.356359145498355,20.85729058345134,-36.07664217867767,39.469901837595714,High Risk
-0.2706687988007346,2.10630029370044,-5.120363670759613,3.507802037760717,-0.4624518160960997,2.7296481184801826,-5.232610891025202,4.633994735458905,11.058022396298306,2.6499082737296993,5.16026138747138,16.15760079636737,5.967063790053145,17.22857608905883,-30.172984048361847,43.13522141503503,-4.43530096743585,17.85340253780848,-35.27968540692848,45.10526495450921,3.8183668740287966,19.126615579883598,-43.3733958558994,39.469901837595714,High Risk
-0.787568987375716,2.327395669953469,-5.569115306268326,3.396546349609543,0.2005574381117152,2.7370178632593523,-4.728427809154693,5.820911129347199,10.29431202804311,2.741064901016753,4.149453402293682,13.94964069567583,-2.791192343213473,15.737297507045975,-33.85076055704415,36.72502457247276,-4.408418677153765,20.658080371111346,-32.82637776799907,45.10526495450921,-2.8020828112255542,20.427425303950272,-57.30784772406064,37.96514221824957,High Risk
-0.8543980057980022,2.3721904409925356,-5.569115306268326,3.4950532284317357,0.022911244118195666,3.003031730372002,-4.728427809154693,5.820911129347199,10.090917887610605,2.242017173018811,4.149453402293682,14.59445970025217,-6.591548319010111,13.95710183826444,-33.85076055704415,21.487466278624574,-5.285919790201946,18.63127311902524,-29.440103244182385,40.71262147241943,-0.502547374655775,18.43349898003916,-57.30784772406064,23.224076751212237,High Risk
0.06397390392532944,2.5275716133611454,-5.290786930415441,4.933842239837773,0.6127254713970574,3.191639329260172,-4.805277846595805,7.524655489469789,10.217330388309806,1.925830681064144,6.99764111116381,14.59445970025217,-1.4789314842050663,15.939947705677032,-26.003552255508755,34.934741806115824,2.9026021042349184,19.400992108329692,-29.114300745265023,45.36551729115426,1.105927353798451,14.124297831176262,-24.156084796846947,24.83725893039055,High Risk
-0.19042919437628228,2.568352828290185,-5.267194725372832,4.933842239837773,0.2535309829209368,2.93217295136056,-5.807404695789431,7.524655489469789,9.971702419771637,1.8650583954336735,6.317365667518337,13.121472691255232,-2.4604508936993263,19.101354169415327,-52.65533945156122,34.934741806115824,5.542358757534499,19.76334624460964,-32.84569093151422,45.36551729115426,2.3981747848691457,15.113972869096035,-24.26455928534368,25.216650485698715,High Risk
-0.5521918632662555,2.2690759906815363,-4.627759184809252,4.229788477772768,-0.2861172029282287,2.2171859497536164,-5.807404695789431,4.092126278226158,10.147649473416,1.9427437502013585,6.317365667518337,14.677513786195169,-2.6241879117886366,17.644330173371788,-52.65533945156122,32.63123625950693,0.13276855442070476,17.626883407323795,-42.98923868053232,31.904909128223885,0.7263428257692969,21.003065790778095,-58.05551140188907,39.34581495940337,High Risk
-0.019151998756131612,2.072051276939328,-3.5070619577657296,4.087323142344194,-0.17893429287777732,2.004831483960353,-3.4901095385360046,4.092126278226158,9.916192294889502,2.188804993530538,5.054689203574117,14.677513786195169,-1.8306047382285031,16.752677261781756,-39.11613489266173,27.159728330331568,-3.4667596879691502,17.07694261075327,-42.98923868053232,26.44822891473615,0.6109522826070859,20.579678358364053,-58.05551140188907,39.34581495940337,High Risk
0.25646233208276153,1.9134370866601216,-2.712303263693947,3.9782954339364487,0.1823240490254638,2.118713890099041,-3.4901095385360046,4.29867791634736,9.842722997141697,2.3198360664731146,5.054689203574117,14.11266569583831,-0.483311741208921,18.395978874730467,-40.7015921278182,27.159728330331568,-0.21930880695504112,16.289251461971524,-34.655765524118124,27.08205238471368,2.8661237925345424,17.50726454092746,-33.03020966616626,34.71681686667193,High Risk
0.6024933610902021,2.061015916534842,-3.684248344069179,5.322077061817808,0.48751670013369686,1.959990036302574,-3.6401095765412665,4.29867791634736,9.731083730317822,2.1599903243243967,6.389035837253744,14.11266569583831,-3.3187957825199277,17.045600410426488,-40.7015921278182,24.005271367950098,-1.182845562290279,17.202822293965873,-31.336188623918872,36.04084370953943,0.8445660050373237,20.344973578082683,-33.905124693608975,39.13015103330777,High Risk
0.458851709594961,1.9854247260306552,-3.684248344069179,5.322077061817808,-0.33823894849256314,1.9003756243646335,-5.070538548646755,2.7079200530622485,9.303526117307966,2.253770567994854,5.453808647832764,14.177784272326544,-2.871957758183125,15.06661618602404,-28.86495818357016,28.192842800922616,-0.1771479477060912,19.145708887617463,-31.336188623918872,36.04084370953943,-2.3690193695536186,16.35500294454364,-33.905124693608975,39.13015103330777,High Risk
0.3654125701318242,1.9327164897862021,-3.008687645175112,6.4720077959541245,-0.8390940737422963,2.320251472230714,-5.591362768461411,3.7642508995269695,9.366881540498746,2.2534145979791274,5.167359523475969,14.177784272326544,-1.4769542390940644,16.820444810995784,-35.37073392247783,28.192842800922616,5.553124198162929,19.30106052294922,-34.348916953395616,61.23376011977864,-4.789767840625093,14.158282304509735,-31.555252223471108,32.60891348883118,High Risk
-2.2461220900002012,4.289879939750726,-10.693920713572654,6.4720077959541245,-1.0102619451507417,3.3834115616731566,-7.981052656197029,6.639393071365983,9.463348979604262,1.86489104825173,5.167359523475969,13.077435747095006,-6.368016806535313,21.31809008201112,-44.98640027493398,49.69900739731644,3.108023564366145,22.03957706948437,-40.17352111365892,61.23376011977864,-4.1177518336248875,26.289291103020975,-67.29683976611608,43.68810547553066,High Risk
-2.4777050958221776,4.094369871890152,-10.693920713572654,3.841292160704252,-0.5587251683449335,3.4296100030269256,-7.981052656197029,6.639393071365983,9.991241120346979,1.7461686116885442,5.253840849982136,13.337661660814144,-8.438970064814779,20.32924648602569,-44.98640027493398,49.69900739731644,-2.4548564182757513,18.02669258607213,-40.17352111365892,26.25276700360307,-2.7567611203185036,28.69726880376133,-67.29683976611608,43.68810547553066,High Risk
0.10071034643310671,2.1101173222462655,-4.428759647553568,4.059185709472985,0.33872021248956935,2.296850981373149,-4.068401209071662,5.505388049172074,10.427908707226058,1.4833671716042693,7.642270794315564,13.74082146965392,-6.243670362004278,16.760898932850733,-40.21084004921923,30.86528124385853,-4.592395891368454,20.627368427799794,-52.59953896273524,36.31138335545924,2.065606005580686,20.320735182120814,-35.26817647827541,38.49681232605575,High Risk
0.5768563687886696,2.626259502785526,-5.381296132615753,6.252922069829529,0.37653510379365485,2.4466443953338515,-3.356378896199381,5.942248332391149,9.979986835066658,1.6472148459863627,5.228706033392089,13.74082146965392,-5.194238585988818,16.115011662380965,-38.07253811247314,30.86528124385853,-0.06062877503099706,24.73460117097666,-52.59953896273524,49.90700309590113,2.3266882845326844,18.465070033048345,-24.352873540434143,33.0039387887845,High Risk
0.7151105806835383,2.456979448157348,-5.381296132615753,6.252922069829529,-0.040183549964891804,2.6313043876782727,-4.947463057695549,5.942248332391149,9.071643393403209,2.0836452891902972,5.228706033392089,12.132759022379876,-7.482127000254994,15.49044251364548,-38.07253811247314,20.096664379573248,0.6801688223431914,18.331345490655035,-28.654833450441576,49.90700309590113,-2.5439863323338745,18.99885409663147,-25.32127067466952,33.0039387887845,High Risk
0.15415455247417087,2.6969100192261934,-6.2857821194564965,5.906645655092194,-0.27059577474389473,2.558482608427265,-4.947463057695549,4.903273468862382,8.99483545663177,2.1659297687454666,5.252602533915243,12.132759022379876,-7.786661873542725,18.82590580152475,-47.94795353769537,32.12943400003511,0.7886676841322385,13.20068926445719,-24.144833007829227,27.357731395882126,1.2820273227886114,20.124714364226538,-32.30813967761703,49.48213922572798,High Risk
-0.1826180251769241,2.642082499731905,-6.2857821194564965,5.906645655092194,0.38396337246361767,2.737023491809778,-4.101452598333466,6.299908878199937,9.266274563385492,2.2069453794862994,4.075303566259084,14.346004799435647,-3.558601052308752,20.01444611377727,-53.38720364659446,32.12943400003511,1.3934534993863794,10.966973486377627,-16.17948518393035,27.357731395882126,6.383869683123434,18.508132431044576,-32.30813967761703,49.48213922572798,High Risk
-0.2613637072944353,2.382067303374502,-4.351906462524004,4.529934736088569,0.34940574442279343,2.268160169895439,-3.2891279962136744,6.299908878199937,9.52456895647372,2.4006161698198416,4.075303566259084,14.346004799435647,-2.7433433013734816,17.59979767520043,-53.38720364659446,27.20613909783296,2.835342811606885,14.260995320531157,-19.131200988266013,40.13189950270102,3.4239547268014596,18.390383075285065,-29.874603076284384,37.542637557296345,High Risk
-0.4385152959921624,2.4911114617953816,-4.390996779586401,4.529934736088569,-0.5807378898867377,1.8850701832992152,-4.458104759991662,2.623580725019208,9.568336624710152,2.265899288875662,3.584027762214573,14.077123953101768,-6.9004577019928535,17.520437936065736,-36.17374263196244,28.26181156953532,1.805383190695612,17.165328760074416,-28.12730197539581,40.13189950270102,5.303775272541276,18.065895614439473,-26.876420067898,37.542637557296345,High Risk
-0.5552263552594494,2.623311879526813,-5.697069294632263,4.988838598131281,-0.4318678547226655,2.157554319905156,-4.458104759991662,4.028983241721572,9.48298661032957,2.0593723811751006,3.584027762214573,13.274695250917144,0.5173814937008979,18.52846785625028,-35.16571087186806,28.26181156953532,-2.9894993314198155,15.073170214755173,-38.95560122772542,21.161599751569,2.499349329366221,18.651979688908778,-30.90123734163804,29.045341666590208,High Risk
-0.03434276759467393,3.2867339191492184,-6.893314375674332,7.4863407452852835,0.17859088254600097,2.5059283207337644,-4.432919844526994,4.145813856500724,10.136941792765745,1.9156785106098153,5.242242427227551,14.223345533158556,6.453849353689859,16.43301168393252,-32.83127612926389,40.48672799385439,-1.5078842897159455,18.028161174105172,-39.66690984458654,33.66797773189275,-3.895711981291022,20.825318560219483,-47.35710331670158,35.296509823702515,High Risk
0.3324659718600406,2.9062886687482874,-6.893314375674332,7.4863407452852835,0.46094949524053613,2.3946272931793255,-4.432919844526994,4.592907083230223,10.934989193897485,2.0999187972214295,7.056835751527046,16.31928008691861,0.1435586238330944,18.169199263717108,-46.62275848503331,40.48672799385439,-3.0124654946611673,21.396184789802273,-40.630859978830415,33.66797773189275,-4.017985569694972,20.563622082299947,-47.35710331670158,35.296509823702515,High Risk
-0.687804210573926,2.4805284211021963,-5.130072401541471,3.7973225326543942,-0.07816592739316484,2.1608523721257917,-4.145997084896115,4.592907083230223,10.751216072621315,2.2586106627534646,6.942828371877947,16.31928008691861,-4.339540992928507,15.228048243973348,-46.62275848503331,21.843861224535583,0.9406167561773456,21.184124728894997,-40.630859978830415,41.45480456556048,2.908129521617821,19.819499718744325,-44.79582692928512,39.68475766181187,High Risk
-0.7437494234315595,2.3788754939057366,-5.130072401541471,3.920398495341417,0.17696066388584814,2.034088747220131,-4.145997084896115,3.413202807465608,10.588124934678609,2.6620533758741383,6.229332744736331,16.09576273844855,0.9444979137979597,17.276525817156177,-29.63811930300093,36.21967091525855,3.61568019816611,17.52933289928955,-35.680318918403586,41.45480456556048,2.066842428651234,19.02079831009486,-49.53011622302953,39.68475766181187,High Risk
-0.05244121703457897,2.2531104456243045,-4.46193642283008,3.920398495341417,0.4416399818073113,2.4259809722713515,-5.69874176321349,3.690899803901523,11.068906125844725,3.0185130924361734,6.229332744736331,18.26153622264394,-0.8384340428422422,20.23732381538891,-35.69221881556244,36.21967091525855,-0.6300792477244461,21.540833189475624,-52.477016480674486,53.47683366709816,-5.1295322432209245,17.84952791285567,-49.53011622302953,36.10593812878048,High Risk
-0.3198347468723743,2.69087791833371,-4.875280594966861,4.899228751485374,-0.29666918833470274,3.221453517922595,-7.545495833905895,4.364236799034037,10.402179386242045,2.8208843865511297,3.424341014637271,18.26153622264394,-5.403600187832783,18.548587728431254,-35.69221881556244,39.83802997354748,-1.4000469990601307,20.670285925176817,-52.477016480674486,53.47683366709816,-1.03661504085633,16.048573215006414,-41.8136795824539,36.10593812878048,High Risk
0.10072047248937252,2.7362825781627897,-4.905911205133593,4.899228751485374,-0.04609310522974995,3.0582401284668017,-7.545495833905895,5.980816702064339,9.900531992682325,2.32909299431803,3.424341014637271,14.47011985902876,2.7664705032432235,19.821568147419665,-31.61552814831551,50.421973051626985,-0.9182488262222771,13.06560706147897,-15.829848913614963,29.46480949581728,2.0253765457386876,15.999221900871305,-39.66046315753478,25.64015986979478,High Risk
0.2558483933373675,2.1764529125449434,-4.905911205133593,3.5026162699867096,0.7940615905711936,2.482306679513399,-3.801765604214212,5.980816702064339,9.860060745765054,2.185991562592828,3.901076720148927,14.47011985902876,5.846137605196151,17.316260507674187,-27.013281870938,50.421973051626985,-1.733724419613427,14.514313071984974,-41.62855431335932,28.863631342949827,2.1357628261422366,15.844896180247508,-39.66046315753478,28.167368703912377,High Risk
0.2955008119242131,1.8670950076799322,-2.884649753617372,3.496451989795441,0.8142712308696327,2.5300997337750903,-4.593060751058065,5.72099844000245,10.327408134891504,2.3228034553822225,3.901076720148927,14.259622583974895,-1.9820538085608612,18.18659710229096,-32.02388420564938,29.927280614237752,-1.9325069919445739,15.767377144423788,-41.62855431335932,32.53282024762899,1.2845853289181874,12.337299661395923,-17.02353065425513,31.954408907944583,High Risk
0.7013997517633703,1.5916502959713614,-2.744550395614494,4.1637974301784215,0.029752055721051884,2.433236637834015,-4.593060751058065,5.379320747726045,10.281156080358949,2.5806014408970652,3.7238147064322407,14.259622583974895,-1.7098653642576942,17.78174820037692,-32.02388420564938,27.9467234621956,2.476505763520257,15.391836783702077,-28.904054639540878,32.53282024762899,0.4874380596492805,15.297973151246536,-26.836034084734177,31.954408907944583,High Risk
1.2116136838541112,2.365093468991851,-5.0230413477925095,6.858009175530939,-0.015177713493747058,2.1260663506018176,-4.457482255325076,4.747846975308796,9.430125629560168,2.7873403836807005,3.7238147064322407,15.001213632268891,3.0041025468350275,14.122810840925919,-23.15029211314834,27.9467234621956,1.6654497068713943,14.570150417665518,-28.904054639540878,23.941407750852854,-2.5174215414766734,20.235895211709977,-41.70395035992603,29.431252493056427,High Risk
0.6463588464285532,3.1991368936441433,-6.566474311284879,6.858009175530939,0.33547718239130997,2.676665243965033,-5.881597525483916,5.39721594926842,9.6884665603396,2.5740300453317224,3.7552811436622617,15.001213632268891,4.7085154545881265,16.225005635022878,-25.22121096474181,37.93957363604071,0.9028026499273969,18.008322037322536,-26.32918324739453,40.06388110347629,-4.033568428484527,17.395721761712668,-41.70395035992603,29.431252493056427,High Risk
-0.7754269247243023,3.00304599553318,-8.028046526096164,4.463809338701978,-0.01324968892665644,3.0427079959608414,-5.881597525483916,5.39721594926842,9.362272592315529,2.2320680958259786,5.685837880487927,13.887984392375312,3.490305056437005,16.284760545279877,-25.22121096474181,37.93957363604071,2.071314768121782,19.411836694541826,-29.097176143836386,40.06388110347629,-1.8289019919028537,17.659458052967278,-39.54365827347073,36.4649980360133,High Risk
0.008245318799047332,2.793508140858114,-8.028046526096164,4.835229925712135,0.2486046373604305,2.8130556849960366,-3.948351078035304,5.289438761778684,9.099662019672678,2.126297868044725,6.261448090743832,13.727943884543752,-0.8907575287221052,18.08769653627981,-48.21134598366281,30.64493809979976,0.7002596016353568,18.24713186570535,-32.86199280080859,28.20601829416924,2.7352277373364027,25.1092438958678,-41.166087288479545,37.49214848646131,High Risk
0.8114103815526759,2.718142738966534,-6.482021134674435,4.835229925712135,-0.09919254683283088,3.0228835960721723,-6.279096609468269,5.289438761778684,9.618001163010272,2.563036406818493,3.9894702458067615,13.713226901552256,-0.0025818158160522907,20.481616691156002,-48.21134598366281,39.68997919419155,-0.8307533843071898,16.673419261519314,-32.86199280080859,28.20601829416924,6.99974594149904,21.423263469202,-41.166087288479545,39.44362648984517,High Risk
-0.0870663007634913,2.7759450354108135,-6.482021134674435,4.831455021260773,-0.46405981835958193,2.733513130969982,-6.279096609468269,4.958946700001142,9.857702365572608,2.685383110731784,3.9894702458067615,14.901572717554217,2.9109177660201078,18.589680190282884,-37.26719804125486,39.68997919419155,-1.0605958261855601,12.89392718202303,-31.804944635765253,21.92789540187661,3.7799991992948976,16.800924507452454,-41.06329533937824,39.44362648984517,High Risk
0.24079562569292978,2.303099163943743,-3.877431413543066,4.841721081093892,0.295795681120597,2.481044173934319,-4.180694782926585,5.79455410872419,10.030757490174235,2.4921191501964604,5.281045241364822,14.901572717554217,0.9114850325909173,17.79134265422399,-33.128559821651315,38.995517234180994,0.3754296127926103,14.117186413475295,-31.804944635765253,23.681029192731906,-4.374450881771874,21.311690030008617,-58.77339621569613,36.7512458972488,High Risk
0.19456436858423004,2.2916700377156713,-4.465224660456238,4.841721081093892,-0.22208985384324,2.614867228754691,-5.747738373038724,5.79455410872419,10.042149399239829,2.3442738894326296,5.281045241364822,14.582831343463026,2.8678221571292415,20.300963469255723,-33.128559821651315,39.54128880628031,-3.031639637549719,15.711836245673984,-30.231908691339957,23.681029192731906,-6.9404880511665406,19.56588747493418,-58.77339621569613,36.7512458972488,High Risk
-0.8435464885704528,2.643802340050958,-5.227811750922562,5.051425392054969,0.4840869759547691,2.6585436602876347,-5.747738373038724,5.410374525451265,9.696050796680654,2.113202815697158,5.284653825277029,13.63239041139678,5.794459040266336,19.574533112407657,-24.96111049220295,39.54128880628031,-4.68079625737372,21.052411920456805,-35.5618645152684,42.88713702581102,1.8215351907380026,15.745045256464477,-34.37917980149544,27.12675554987732,High Risk
-0.13877041808444693,2.799338956700007,-5.227811750922562,5.051425392054969,1.1551351576397688,2.4640811687169637,-4.324493536527688,5.410374525451265,9.801056738929994,2.1934135277010807,5.284653825277029,14.356767561405784,6.609086264653328,15.115280227715699,-20.44963429737837,34.493383345862256,0.0884522673072991,25.253515651571174,-54.25993989816968,42.88713702581102,1.6410805309302274,14.388688939519923,-29.00489298611981,27.12675554987732,High Risk
1.088403191777873,2.3145785018420537,-3.2242378898009907,6.771264126705873,-0.12659209435929955,2.359008356293645,-4.324493536527688,4.75551492850385,10.10793488990629,2.5163174038712603,5.52970733112698,14.916152182584115,4.233981425459665,20.19667736637522,-36.89816906220175,53.19959581577576,-3.317173533103397,20.630992136140858,-54.25993989816968,42.87482515976389,-0.9737134403129214,13.528254865711279,-25.41694391127083,22.12634083240989,High Risk
0.2425439391342728,2.7737804003076385,-5.881563925135755,6.771264126705873,0.18406766376037006,3.4612300192097636,-6.39030445354415,8.841329137183415,9.707002110125806,2.715396452374811,3.4304272264189493,14.916152182584115,-4.382975284108161,20.443968964740186,-36.89816906220175,53.19959581577576,-5.53668576473421,13.993052738480229,-33.486513275733884,28.32907742376828,-0.3523380317920443,19.033815086296453,-61.34894260788645,43.906590064230535,High Risk
-0.1814433400111979,2.8322034423585047,-5.881563925135755,5.067471890500123,1.0492210204585526,3.3195300704579065,-6.39030445354415,8.841329137183415,10.064016347883017,2.403190723138708,3.4304272264189493,13.668105222700124,-3.569803504295502,15.509423648831294,-27.758405713840396,30.90948916733859,-3.0052895439896257,17.833191530556892,-37.853755906282,37.68098875630176,-4.021155375482894,20.243395418215293,-61.34894260788645,43.906590064230535,High Risk
0.14149298202054114,2.561841160824271,-4.202908395258309,5.067471890500123,0.9604820937899021,2.3795894775299726,-3.696437506252756,6.044305141877877,10.400127767887884,2.0045698255742157,4.960143548649812,13.668105222700124,5.820263702699241,17.108179293063056,-21.636452985212312,39.367211125827936,-2.3635435155753455,18.471666284699598,-37.853755906282,37.68098875630176,-2.0790219174973097,17.48988801871632,-46.94981257082389,24.638159359606604,High Risk
-0.2535399405021414,2.234398063351503,-3.638676127730453,4.708792682488291,-0.020472713549911738,2.5339146614588897,-4.356257554476245,6.044305141877877,9.540817507419701,2.043848223999219,4.408671781252017,12.687313355003022,3.1993807795705305,20.419510734885325,-36.02474587955354,39.367211125827936,-1.1401136373495917,18.56459300694012,-46.76561253857548,29.539984738182188,-2.4333190618304132,20.277174124088717,-50.13357807521718,24.638159359606604,High Risk
0.5048626461763419,2.4278654743940935,-3.638676127730453,5.869123468970381,-0.28687904157198507,2.417992012548278,-4.356257554476245,5.298429841194841,8.949259813214892,2.055950767234868,4.223650968402607,12.337826255783476,-0.039987998693110365,18.853560093910097,-36.02474587955354,38.41203633585425,-0.8660155762333398,17.329504300003354,-46.76561253857548,29.539984738182188,-4.425930954818394,21.104831197653567,-50.13357807521718,34.331676986202794,High Risk
0.6597690373950994,2.395708396463625,-5.335903571204177,5.869123468970381,-0.5501529552449552,2.512029514325652,-4.073389580490701,5.298429841194841,9.489718042106327,2.074074236923224,4.223650968402607,12.948476198579112,-4.598853409596584,18.371347728259682,-43.78457092342859,38.41203633585425,-0.5510531206716881,16.74620996911422,-43.05925785271368,25.103828199960624,-5.609139478577573,17.55747941284986,-36.447265327844256,34.331676986202794,High Risk
0.10468421316105771,2.125629783376217,-5.335903571204177,4.283133925890007,-0.5018586045233889,2.356905708842348,-4.073389580490701,4.7151032427873565,10.422448171104858,2.2330985184597596,4.782810450620183,14.612303586937932,-3.8021672644039985,19.98326127213853,-43.78457092342859,37.539485502706256,3.7384582021642125,20.813741731964218,-43.05925785271368,43.02325648948976,-6.813505755861977,17.208863205506002,-36.447265327844256,33.27015148140378,High Risk
0.30551952451317843,2.365134417151137,-4.435075066850974,5.796855667679758,0.6449548784036717,2.779577746883989,-6.682237032111828,6.290939640794054,10.370957568041604,2.468612516958127,4.782810450620183,14.612303586937932,5.020199594319849,15.650798723865792,-24.237450893210664,37.539485502706256,7.0146530385666255,18.597158611489995,-26.772389720365847,43.02325648948976,-4.484700328049603,15.896090195216113,-33.90762238968999,33.27015148140378,High Risk
0.29836206387152536,2.7299891293352756,-6.017571489455015,5.796855667679758,0.7277286929935455,2.634482127770414,-6.682237032111828,6.290939640794054,9.534725644246807,2.0026246143164914,5.975748302619301,14.168574782317313,-0.9846510753810613,14.393974420887538,-37.76728653529449,25.95191141265761,4.368765017343702,14.913783882129744,-26.772389720365847,29.751512999294704,-0.4678028185498364,16.97654714411944,-36.47146238261203,39.03713962451373,High Risk
-0.31646503959250477,2.454062255422305,-6.017571489455015,4.999571488836556,0.44616022219330537,1.956890305787002,-3.1960658516954683,3.735491182902942,9.546343913093855,2.034514571771906,6.538252661802051,15.419779367809683,-2.9327250149589785,14.732461378945041,-37.76728653529449,30.36134508030017,1.8974090180404286,12.46618559312147,-17.70311729710173,28.647486663981137,1.9241013144117527,16.556112218881385,-36.47146238261203,39.03713962451373,High Risk
0.22976283068444603,2.6375829908511337,-4.100418328104204,6.57309550532103,0.03319468893646447,2.016136458510068,-4.023635807820286,3.966536399326541,9.974441387538478,2.0857445264347625,6.538252661802051,15.419779367809683,2.7416677254308413,14.694731120787901,-25.34205457637029,30.36134508030017,-1.4418180057902428,16.794661556926528,-40.46276755146671,23.86338434674586,1.0592238959513773,14.495729138473441,-27.1253264305569,23.41425482124246,High Risk
0.7188374969493242,2.765793252138413,-3.6652202640733695,6.57309550532103,-0.4734136083218974,2.4280861121741615,-7.476015761422051,3.966536399326541,9.85682649969655,1.918257707825228,5.706049256229451,13.784223606460914,2.4163079530120175,19.55539941249224,-40.86615164757704,35.88412317910971,2.566591319496216,16.893594747333548,-40.46276755146671,33.23240143042464,-2.6193125546557336,19.680527590214474,-54.825670832521965,39.780319367723465,High Risk
0.4592191793402848,2.4325820629300723,-3.6652202640733695,5.253453434002607,-0.9022739884706041,2.644085782715174,-7.476015761422051,4.044896736090994,9.542983934548614,2.18388385551468,5.349458168042195,14.22782695145051,-1.865639091542372,21.212379094980218,-40.86615164757704,35.88412317910971,3.2720438246205656,16.849454580272774,-42.14526088824797,33.23240143042464,-5.714040438587156,20.235478603445067,-54.825670832521965,39.780319367723465,High Risk
0.4475141341283507,2.2752242738844766,-3.4888729867503576,5.393788043590755,-0.8135761229310081,2.640689151863866,-6.024292974130214,4.044896736090994,9.249268629644867,2.6802498214346717,4.027436527507152,15.07883894040734,1.260497537712484,18.322595197235533,-32.1979072091824,32.81489186363292,-2.6540358613070665,16.573605618810824,-42.14526088824797,30.611259697468764,-3.9609349504778413,19.834874939755068,-61.55830762476677,29.4568237788642,High Risk
0.4163960378890509,2.209739855203676,-4.299222020482479,5.393788043590755,-0.4058804592496693,2.506324453716657,-5.360424434380665,3.612669716149996,9.700461551038067,2.9727285542607764,4.027436527507152,15.07883894040734,3.256598783999975,17.524321583099958,-36.33466485498504,32.81489186363292,-0.39776520497952533,11.677667584684134,-25.018470604735395,25.169545000010665,-1.7493678254140712,17.915380551092067,-61.55830762476677,27.321803249087804,High Risk
0.8970217547181778,2.269204602844492,-4.299222020482479,5.795514225930914,0.04021249177294248,2.856879927614585,-6.008071479694824,5.613555133721554,10.05208755378522,2.379859539173,4.541974567277391,14.577747709114435,5.773618464293788,15.862194935762192,-36.33466485498504,26.10229948828712,1.634591173176816,10.945489963013255,-20.99428268120805,25.169545000010665,0.3588978394336767,17.716128064998877,-28.0232080913378,40.062866514672365,High Risk
-0.4250054725588418,3.4080104356732397,-8.63331658298282,5.795514225930914,1.2609255598324196,3.88653186721558,-6.008071479694824,10.251514131128763,9.617329585509976,2.561150855121011,2.859044166472515,12.719039523687966,2.1608173787789866,20.99380516711768,-49.128772501440906,33.02800009937215,-1.2691385687992103,19.716319946525967,-36.93853277598572,46.570598914931374,-3.6899899167103523,22.647022244440613,-54.46658728987688,40.062866514672365,High Risk
-2.1049538146269584,3.737285747335618,-10.631139457708478,4.590712937068393,1.1631401576046208,3.9103799227641525,-6.003811020246344,10.251514131128763,9.20568139645721,2.659871702874364,2.859044166472515,13.158264459735976,-8.634865919549194,21.34956364870069,-49.128772501440906,33.02800009937215,4.030306746852886,24.62137187179742,-36.93853277598572,46.97844493807545,0.6653656824731649,24.418998157241504,-54.46658728987688,64.07083965214969,High Risk
-1.1770057584584457,3.516710450016129,-10.631139457708478,4.590712937068393,-0.161351327808021,2.9783717444076667,-6.003811020246344,4.46032175048778,9.806231276410916,2.2275863220773964,5.018015046526445,14.475249060583174,-4.553355923727193,19.424155027513496,-47.329199882368606,32.48485871909931,8.744841704555395,19.7720420437333,-27.51515175782042,46.97844493807545,2.898588075983765,20.43237348111455,-40.74399220579473,64.07083965214969,High Risk
-0.3220161692337079,2.755484556186031,-5.962900107539668,6.072050525180868,-0.19561522631922165,2.2625096261011803,-4.338411651293518,3.6024566184447493,9.86106445590935,2.235785433132337,3.1857842889061008,14.475249060583174,-5.28084248736298,18.48638317747398,-40.93352251297195,32.48485871909931,5.371846495720557,16.276372454978727,-20.29287389271872,43.65674237423122,3.3939465869118943,18.07906966353812,-40.74399220579473,40.240485230278,High Risk
-0.2748363685446674,2.7785637860951553,-5.962900107539668,6.072050525180868,0.3443333153507322,2.0512770846440165,-3.416451222400417,4.362928449144393,9.53078454541876,2.630764355379392,3.1857842889061008,15.962624451535296,-10.530831873841548,16.61242168939383,-36.87007280056592,25.97718624896774,0.2516852454675007,16.88944815482397,-29.24848816725145,43.65674237423122,6.205901376162831,15.39211130644218,-17.428916332828305,40.240485230278,High Risk
-0.2566612937797051,2.67383823077238,-6.065815990414767,5.544898916321376,0.9159191102418532,2.491810254155107,-5.650870737699308,4.606735554174064,9.551367517118722,2.3630600174026806,4.318160599373836,15.962624451535296,-6.504316866325072,19.148323858901524,-41.31274392264107,37.85191327762361,-5.78496995254881,15.616406904678424,-29.24848816725145,30.87286199083255,1.8868633789354727,17.10783437258837,-35.376365577528944,40.83484878930624,High Risk
-0.2994457905166563,2.299095064452842,-6.065815990414767,3.615699268110117,0.43765059862288924,2.3158979490651084,-5.650870737699308,4.606735554174064,9.332858557336957,2.302911545752073,4.892887279497935,16.06725583807372,-6.0728049540357185,16.060519428410124,-41.31274392264107,37.85191327762361,-3.3987761637554987,20.197811597117486,-45.874827722169705,35.49097558870139,4.453038516390674,19.875082803717127,-35.376365577528944,42.375101158334665,High Risk
-0.09702400948738976,1.61119785456769,-3.310467547307211,3.2538336527056835,-0.34799293610161103,2.206193241378645,-4.693464419712299,4.303562555059867,9.713815147248118,2.6827342143634594,4.892887279497935,16.901030027753425,-2.27625119576527,15.64458444064686,-34.1557054886088,23.809730946003064,7.073160077957643,22.587157326491173,-45.874827722169705,47.64436704129806,5.783484604399649,18.455680323054608,-23.395287777776733,42.375101158334665,High Risk
